,id,Predicted
0,aaclkul,other
1,aagelci,other
2,aangjmn,other
3,aawnpc,other
4,abdjgiz,student
5,abeith,other
6,acbplmv,faculty
7,aceolgzx,other
8,aeohgccl,other
9,afdtazl,other
10,ahomx,faculty
11,aigkvvw,student
12,aiiuj,course
13,aimch,student
14,aiqltd,faculty
15,aishkqu,other
16,aixqtudn,other
17,aizdnscx,other
18,ajgfhfc,other
19,ajjwszik,faculty
20,akbfdvs,student
21,aktnyrw,student
22,alfaog,course
23,aljsfwq,student
24,alrywqkr,student
25,altuxox,other
26,altxhm,other
27,amowrsh,other
28,ampuskyi,other
29,amvukjdd,other
30,amwcmt,other
31,amzuns,other
32,anjxcrs,faculty
33,anpusdof,course
34,apakwv,other
35,apcgc,student
36,apkhal,student
37,aplafmip,faculty
38,apmwy,other
39,apnbs,other
40,appjcc,other
41,aqhzllis,faculty
42,aqsrcsy,department
43,arwvjftm,student
44,arzeerl,student
45,asani,course
46,asjtpgrs,student
47,aslkxlcr,other
48,asmucefp,other
49,aspksukx,faculty
50,aspnkeit,other
51,audtaxh,other
52,augeudkf,course
53,augwaud,other
54,aunqt,other
55,avemi,student
56,awioiejc,faculty
57,awlal,student
58,axgkxmj,other
59,axphpch,other
60,aykqf,other
61,ayteap,faculty
62,azndzp,other
63,bbgkx,other
64,bcsrsbug,student
65,bdcydd,student
66,bdptkaio,other
67,bdwiu,other
68,begqls,other
69,beoczxhp,other
70,beoyl,other
71,beveykcq,other
72,bfiznf,other
73,bghlh,other
74,bgnisk,other
75,bgudhc,other
76,bgxblaq,student
77,bhjnxfeq,other
78,bhkvqidu,other
79,bhlwohi,other
80,bhptsyjz,student
81,bhuwf,other
82,bhzijblm,other
83,biaio,student
84,bilwr,other
85,bjjitsgt,other
86,bjwiuevz,other
87,bjzfnftw,project
88,blobw,course
89,bmmzflr,other
90,bnbsv,student
91,boarhn,other
92,bodmvxdf,student
93,bofjb,other
94,bondtsrh,other
95,bovyrx,other
96,bpblgwar,other
97,bphhvc,other
98,bpjzrlxy,student
99,bpxla,other
100,bqbvlmis,other
101,bqcuk,other
102,bqfbagmb,other
103,brhotofi,faculty
104,brmtqcj,other
105,brorn,student
106,browzov,course
107,brwup,student
108,brzpgboe,other
109,bsjgc,other
110,bsjsuzw,other
111,bslps,other
112,btpdso,faculty
113,btrlegkg,other
114,bttjq,other
115,bulvw,student
116,bumcmpt,student
117,bvabh,other
118,bvkkhgyo,student
119,bvnniatg,other
120,bvtwusw,student
121,bvvko,course
122,bwjjh,other
123,bwvavr,faculty
124,bxwnlyu,other
125,bxxlthi,other
126,bypmk,other
127,byyxifzz,student
128,bzavavce,other
129,bzbyv,other
130,bzthieu,department
131,caaelf,student
132,caecfi,other
133,caeck,other
134,caogdi,course
135,cbdxh,student
136,cbuuznl,other
137,ccbje,other
138,cddmp,other
139,cdhwa,other
140,cdruyo,other
141,cehogf,faculty
142,cenlf,student
143,cfcynn,other
144,cfsvmoen,other
145,cftid,other
146,cfwzqt,other
147,cgjuowc,other
148,charmfhj,other
149,chwusgl,faculty
150,cifmtm,faculty
151,cifyk,student
152,cioumfyi,other
153,ciuipt,other
154,ciwmb,other
155,cjnrzzmk,other
156,cjnxondy,other
157,ckemt,student
158,cketrvj,other
159,ckhzgl,other
160,clcydbp,student
161,clkaoj,other
162,clpyjrid,other
163,clsxoodd,other
164,cnhjk,other
165,cnlce,faculty
166,coomnevj,student
167,cotsv,other
168,cqksepwt,other
169,cqqqjx,other
170,cqtek,other
171,cqyvoud,other
172,cqzxj,other
173,crbexe,other
174,crusceee,other
175,ctfljg,faculty
176,ctshqqfo,other
177,cvxtmt,other
178,cwlxvwh,course
179,cxdpjw,student
180,cxjmjdh,student
181,cxvkh,faculty
182,czkze,faculty
183,czvftspe,other
184,czwglks,other
185,dbtooseb,other
186,dcbnebw,faculty
187,dcidctu,other
188,dclyjjg,other
189,ddgreszb,student
190,ddlpfjed,student
191,ddsnlb,faculty
192,ddurpci,faculty
193,ddwoml,other
194,debuzvc,other
195,deopslyp,other
196,deqwxxpt,other
197,devpg,other
198,dfuhpn,other
199,dfvnobj,student
200,dfzdiiy,faculty
201,dgppgjr,other
202,dhrezf,other
203,dhtdvz,other
204,digdken,other
205,djqfg,student
206,djrcms,other
207,dkgpnac,other
208,dkzacj,student
209,dmdjwh,other
210,dmiti,other
211,dmxjlh,faculty
212,doihof,other
213,dqhfisnj,other
214,dqxgzzq,student
215,dsnfmpl,student
216,dsvfsknw,other
217,duevfegy,other
218,duewkd,course
219,duhyq,faculty
220,dupih,other
221,dupnrc,other
222,duztbzxs,other
223,dvtry,faculty
224,dwsrmkmd,course
225,dxratuv,department
226,dxwljzj,project
227,dykbpos,other
228,dyruktbc,other
229,dyzbzmd,student
230,eanugl,other
231,eapzf,other
232,ecpfwumt,course
233,eechlt,other
234,eenhsx,other
235,eeqnxdb,other
236,eezqfeb,faculty
237,efkum,other
238,egjrrq,other
239,egqhoaq,faculty
240,eicecdq,student
241,eicifodp,course
242,eihif,other
243,eisomf,other
244,ejdmt,other
245,ejygdjl,other
246,ekauzlfp,student
247,eksgz,other
248,ekwtr,other
249,elbnnrs,other
250,elgcpgx,other
251,elsgfepj,other
252,emjhblgl,other
253,empwxl,other
254,emtufqje,other
255,enikcsv,other
256,eoohbumy,course
257,epftt,other
258,eplubxxs,other
259,eporowdg,other
260,epuimb,student
261,epxzvm,student
262,erxspdd,other
263,eshbrq,other
264,esjxb,faculty
265,espxbh,other
266,estbkk,other
267,esxrrht,student
268,etibjjjs,student
269,eudatvy,other
270,evegw,student
271,evwphope,other
272,ewlew,other
273,ewnonvxy,other
274,ewsktq,faculty
275,ewwcso,faculty
276,exatc,student
277,excvdwzh,course
278,exiitk,other
279,eyaswbjz,other
280,eygbw,faculty
281,eyjdhqq,other
282,eysee,other
283,eytliaib,student
284,eyvafkd,student
285,eyxtv,faculty
286,ezpaic,other
287,fajpkgj,other
288,faprw,other
289,faqoft,other
290,fbcvban,student
291,fbzij,other
292,fcpcxixw,department
293,fcwjgf,other
294,fczhavit,other
295,fdxcbwrj,other
296,feavav,other
297,feeuawp,course
298,fekdcta,other
299,ffcrqo,course
300,ffczrnz,other
301,ffqtge,other
302,ffrkhfcp,other
303,fgnuh,other
304,fhalcyxq,other
305,fhayg,faculty
306,fhszf,other
307,fhwlo,student
308,fimnwyjw,other
309,fizgc,other
310,fjxpjfez,student
311,fksba,other
312,fkvuit,course
313,flectkq,other
314,flgtpxn,faculty
315,fmahjld,other
316,fmjcrj,other
317,fmmiki,other
318,fmqwylsg,student
319,fndgjmzm,other
320,fnqkojm,course
321,fnsurvey,other
322,fppga,other
323,fpwuad,other
324,fqealu,other
325,fqkyhcel,other
326,fqnaj,student
327,fromyknh,other
328,fsjvm,other
329,ftipfpcv,other
330,fudhjb,other
331,fugmzdml,other
332,fuvxncl,other
333,fuxozggi,other
334,fvcnksd,other
335,fvgngpl,student
336,fvuyfjv,faculty
337,fwzhcxrx,other
338,fxabo,other
339,fxqhlu,other
340,fygug,other
341,fzgowhq,other
342,fzuwzk,student
343,fzyjwl,student
344,gaqepyeo,student
345,gazyznk,faculty
346,gbmsh,other
347,gbumd,student
348,gbvqwbe,student
349,gbzlhhl,course
350,gciirlh,other
351,gdgvwifk,other
352,gdpex,faculty
353,gduwb,student
354,gdxmso,student
355,gedcirqa,other
356,geiruvj,faculty
357,gevdzsvt,other
358,gfpmjx,faculty
359,gfvefxbu,course
360,gfwdbf,other
361,gfyrwma,other
362,ggozukjr,other
363,ghxnl,student
364,gieoqvia,course
365,gjhhavd,other
366,gjpcxt,other
367,gjtxqp,other
368,gjuhqzdv,other
369,gkdnf,other
370,gkhact,student
371,gkqtn,course
372,gkvqoukw,other
373,gnaju,other
374,gnothl,other
375,gnrotudd,other
376,gnzbtght,other
377,gotjzb,other
378,gowqht,course
379,goxgfr,student
380,gqgtsy,other
381,grddrzm,other
382,gtbdebp,course
383,gtchjnzw,faculty
384,gtdarzt,other
385,gtdctoah,other
386,gtgxgzcn,student
387,gtjdqq,student
388,gtwhcjns,other
389,gtxqws,course
390,gurvox,other
391,gwnono,other
392,gwojb,faculty
393,gwtwpgzd,course
394,gwytgt,department
395,gxabdahe,student
396,gxdcpwo,faculty
397,gxqadkgw,other
398,gyldrugw,other
399,gyutr,other
400,gzcicjd,faculty
401,gzomtedw,other
402,gzzdke,faculty
403,hafjoyi,other
404,haifof,student
405,hbobpex,other
406,hbregcw,student
407,hchoacu,faculty
408,hcxyp,course
409,hczmwigz,other
410,heaeeg,student
411,heatdq,course
412,heiozqq,other
413,hezwgs,other
414,hfdchvs,other
415,hfpivpuu,student
416,hgjwxb,student
417,hgmehmo,other
418,hhabfel,faculty
419,hhdjgk,faculty
420,hhdrss,other
421,hhsnp,student
422,higwe,other
423,hkdkgy,other
424,hlsypm,other
425,hltxkki,other
426,hmavwgj,student
427,hmdjklt,other
428,hmidet,student
429,hmrwjp,other
430,hngmr,other
431,hnweal,other
432,hoqua,other
433,hovra,other
434,hpsaouip,other
435,hpweca,other
436,hpzoxitc,other
437,hqrwpbt,other
438,hquvdf,faculty
439,hrojordm,other
440,hrshysyc,faculty
441,hskgpx,student
442,hszvzt,other
443,htbdkait,other
444,htqac,other
445,huovxti,other
446,hurpsrje,student
447,huumx,student
448,hvmsfmtn,faculty
449,hvstwh,other
450,hwxdzumg,other
451,hxkeks,other
452,hxncig,faculty
453,hyakvwkw,other
454,hyutx,student
455,iasqknq,student
456,iavwjn,student
457,iawcg,other
458,ibnqs,other
459,ibxwya,student
460,icptqhh,other
461,iczwhz,student
462,idjfvfvk,other
463,ifclx,faculty
464,ifhyt,student
465,ifttvly,other
466,igamsti,course
467,igfttdjo,project
468,igswa,course
469,ihrpmc,other
470,ihsbfi,other
471,iirmwgfq,student
472,iitwjneu,faculty
473,iivlvl,student
474,ijkhegq,faculty
475,ijoyru,other
476,ijsqaud,other
477,ikgbbfg,other
478,iklphm,other
479,ilktf,student
480,iloxxj,other
481,imdrjq,course
482,imltuesr,other
483,immpx,other
484,inlsldab,other
485,ioabqtxs,other
486,ioxoxekd,other
487,iplufn,course
488,iprfwqc,faculty
489,iqbqv,other
490,iqeigph,other
491,irhvgjs,other
492,irhvprt,student
493,irjhn,other
494,irrdkkbn,other
495,iryynwmk,other
496,isxcfiva,student
497,iszou,student
498,itlkmcny,other
499,itmbdhy,student
500,itozobft,other
501,iuxnok,other
502,iuxtwgjz,student
503,iwron,faculty
504,iwsxp,other
505,iwwwqw,faculty
506,iwywhmi,faculty
507,ixfhz,other
508,ixfqx,other
509,ixoubp,other
510,ixslka,other
511,iyemmjpt,faculty
512,iyfsi,other
513,iypszquv,other
514,iyykc,course
515,izhzil,faculty
516,izktf,other
517,iztxnf,other
518,jbarxv,faculty
519,jcalgzyq,faculty
520,jcmkz,other
521,jctytnm,faculty
522,jdjamsls,student
523,jdnph,faculty
524,jdnrfqx,faculty
525,jdscdzrq,other
526,jdwxv,other
527,jewrlbk,other
528,jfdjl,student
529,jffly,other
530,jfiubhz,faculty
531,jfpfze,faculty
532,jfqpd,student
533,jfwjlbtk,other
534,jgzrtkhc,other
535,jhptp,project
536,jieeefx,faculty
537,jjdohqq,course
538,jjomjmu,other
539,jjtlz,other
540,jjvpn,faculty
541,jklzmg,other
542,jlecz,other
543,jlkbszx,department
544,jlrqqriz,other
545,jmbmykpe,other
546,jmcmoudq,student
547,jmiqllv,other
548,jnlam,student
549,jnvplm,student
550,jptfm,other
551,jpxvffy,other
552,jqbbor,student
553,jqbuixz,student
554,jqeqv,other
555,jqfuqu,other
556,jrkacjdp,other
557,jrpbytj,other
558,jryqezxd,student
559,jspgm,other
560,jswcx,other
561,jsybmuwh,other
562,jsyjyssc,course
563,jtahlq,other
564,jtcqmpo,other
565,jubzucis,other
566,juealsvj,other
567,junlpo,student
568,juwhwbv,other
569,juwmtndc,other
570,jvhhaxpn,course
571,jvnyyk,other
572,jwawqn,student
573,jwfzxxg,other
574,jwkygjy,other
575,jxbmfg,other
576,jxiite,other
577,jxjpziw,other
578,jxpqg,student
579,jxqpwlw,other
580,jyeyszb,other
581,jyffkgyk,other
582,jymnj,course
583,jzifdoy,other
584,jzjei,other
585,jzoegbn,student
586,jzoyf,department
587,kaqaica,other
588,karbsg,student
589,kbjsadwd,other
590,kbsxru,course
591,kbwcx,other
592,kcjaz,other
593,kcldhpcj,other
594,kcogomz,other
595,kdscbeoa,other
596,kegru,student
597,kejiyfi,other
598,kesfngwd,faculty
599,kfbgivtc,other
600,kgaxenm,student
601,kgmxep,other
602,kgtrkmsz,faculty
603,khcaied,other
604,khtaydx,faculty
605,kiqge,faculty
606,kjfoazza,student
607,kjjbbt,other
608,kjnmoil,other
609,kjsyzoav,other
610,klpyg,other
611,kltqcs,other
612,klysfu,student
613,klzplzo,other
614,kmrpuzwi,other
615,knvdg,other
616,kobkw,student
617,kofrfx,other
618,kqghrpia,other
619,kqohtbk,other
620,kqqjul,other
621,krdwlm,project
622,krjly,other
623,ksbke,course
624,ksglvhbn,faculty
625,kskwfq,other
626,kspcm,other
627,ksuan,other
628,ktjhyivf,other
629,ktmvcnv,other
630,kubbcel,faculty
631,kucnbni,faculty
632,kuecr,other
633,kulinjxp,other
634,kuwjxt,other
635,kvals,other
636,kvtlipjh,course
637,kvxrm,course
638,kwmbjag,other
639,kxbknr,faculty
640,kxckdvl,other
641,kxkilvn,other
642,kxwsy,student
643,kydoocvs,course
644,kypnmal,other
645,kyughy,other
646,kzgrf,other
647,kzhkaelo,student
648,kztyatd,other
649,kzvrrq,other
650,laazymrn,student
651,lafkhdc,other
652,lalle,other
653,lawengc,course
654,lawhfzt,student
655,lbbfjhf,student
656,lbiaen,other
657,lbokfzil,other
658,lclvhfy,other
659,lcnosc,other
660,lcuod,other
661,ldwcriio,other
662,ldwnvwx,other
663,ldwvc,other
664,lexfksko,student
665,lftxjvs,other
666,lfukf,other
667,lfuutmdo,other
668,lfzwtjn,other
669,lgzaacv,other
670,lgztt,other
671,lhecwea,other
672,lhmqz,course
673,lhyku,other
674,livhw,course
675,livtdd,other
676,ljqcj,other
677,ljylnd,other
678,lkhsef,faculty
679,lknwvokt,student
680,lkyjhgjr,other
681,llsokyh,student
682,lmobyly,other
683,lndjiibk,faculty
684,lnezhnb,department
685,lnjznbyx,other
686,lnstrg,other
687,lobyn,course
688,loflw,course
689,lohsn,course
690,lomurthi,other
691,lpqqysth,faculty
692,lptrnbd,student
693,lpzykg,other
694,lqomt,other
695,lquduym,other
696,lsfqtx,other
697,lsmbvcgc,other
698,lswtmup,faculty
699,ltwcnxe,other
700,ltxmyss,other
701,lvaetsrg,other
702,lvqkyij,other
703,lwhudcyk,faculty
704,lwvwd,other
705,lwzgs,other
706,lxgov,student
707,lxhpien,course
708,lxmezm,student
709,lxnadu,student
710,lxqvv,student
711,lxvgk,other
712,lxzsc,other
713,lyjtcwqm,other
714,lynsj,other
715,lzooyy,faculty
716,lzqgc,faculty
717,lzqquih,other
718,lzybo,other
719,mabprrc,other
720,macgmms,other
721,macjz,student
722,maktwrg,course
723,mbfpm,other
724,mbyfebju,faculty
725,mcfjym,other
726,mdfbugu,student
727,mdqybvdc,other
728,meqmm,other
729,metwifo,other
730,mfdsqlg,student
731,mfkaijyg,other
732,mfowj,other
733,mfpqw,student
734,mfryd,student
735,mgapfvg,other
736,mgaymm,other
737,mgqqsxli,course
738,mgvpscd,other
739,mhxvauhj,student
740,mlylezz,other
741,mmigvvwa,student
742,mmizx,other
743,mmlrd,faculty
744,mmtvoq,student
745,mmuuo,other
746,mnjwv,other
747,mnrzhw,student
748,moesglp,student
749,moksh,other
750,mpejiarb,faculty
751,mpgisgc,other
752,mphlxz,other
753,mqfmt,course
754,mqfpyvdb,other
755,mqncr,faculty
756,mqxwc,other
757,mrqhsday,other
758,msvrcfr,course
759,mtsglnze,student
760,mtzuqdqc,other
761,mudeyg,other
762,muncc,student
763,muuzsqc,other
764,muxhh,faculty
765,mvhtl,other
766,mvjyf,other
767,mvlaq,other
768,mvxmadyv,other
769,mvzdvi,other
770,mwejx,student
771,mxcxhcl,other
772,mxrcuqy,other
773,myipwh,other
774,myzizsmt,other
775,mzajvh,other
776,mzguliw,faculty
777,mziqqxrl,other
778,nbvsh,student
779,ncnaj,student
780,ncnwm,other
781,nefxpthf,student
782,nfdrma,course
783,nfixgpu,faculty
784,nfntx,other
785,ngiwn,course
786,nhumd,other
787,niiskl,other
788,niizdbw,student
789,nimbgu,other
790,nizpnfpt,other
791,njcit,student
792,njesic,course
793,nksrwz,other
794,nkury,course
795,nkxxa,other
796,nlxxo,student
797,nlzggd,other
798,nmhpr,student
799,nnccrkk,student
800,nodjvh,student
801,nqhxy,other
802,nqnor,other
803,nrkvfmyh,course
804,nrqtkx,student
805,nsigmjh,other
806,nsixfrwy,student
807,ntrfeys,other
808,nttawca,faculty
809,nugwhj,other
810,nummeoic,student
811,nutlkn,student
812,nuurfy,student
813,nvmngy,other
814,nvyekh,other
815,nwjkcjbp,other
816,nwqios,student
817,nwsqesmo,other
818,nyqbs,other
819,nzoti,faculty
820,oaabx,other
821,oarjpfa,other
822,oatzro,other
823,obdwbbir,other
824,obkxqf,other
825,oceonvf,other
826,ocpni,course
827,odgedcwl,other
828,odngwf,other
829,oecphzmr,course
830,oehiy,faculty
831,ofewooh,other
832,ofkcidqa,student
833,ogkbg,other
834,ogtvbzty,other
835,ohvniioj,student
836,oikri,other
837,ojpivf,department
838,ojwsr,faculty
839,okiin,student
840,okjyrnjo,faculty
841,okpobjnf,student
842,oktyq,other
843,olbqqcm,other
844,olyhatok,student
845,omfea,course
846,omvawb,other
847,ondlxia,department
848,oneaef,faculty
849,onxtxl,other
850,ooipyor,student
851,oosiq,student
852,ootxjgh,other
853,oouybbn,other
854,oovhs,student
855,opklki,other
856,opxnfsb,student
857,orhfuocp,other
858,orjro,other
859,ortvnlou,other
860,oruixd,other
861,otajs,other
862,otbmgnv,other
863,oujqzhsy,other
864,oumtq,other
865,ouyuwu,other
866,ovfkp,other
867,ovtoilww,other
868,ovzunke,other
869,owlrody,student
870,owscy,other
871,owvpwso,other
872,oxaepx,other
873,oxvcgj,other
874,oyfvhply,other
875,oyknedm,other
876,oyuuo,other
877,oyvbwwkp,other
878,paorb,other
879,pbawnp,other
880,pbgmp,student
881,pbkzt,other
882,pbmbnsmg,other
883,pcfxm,other
884,pcjsleru,other
885,pcniublf,faculty
886,pcunh,other
887,pdkbg,other
888,pdmah,faculty
889,pdmpmk,other
890,pdqqm,other
891,pdwmhrga,other
892,pejbfu,other
893,pfhqfrd,course
894,pfuoqee,student
895,pfwwd,faculty
896,pgtdgqa,other
897,pgtrzghe,other
898,phbez,course
899,phdommor,faculty
900,phiccyjo,other
901,phidq,course
902,piepnnef,other
903,pieuuqju,faculty
904,pinguqo,faculty
905,pisti,student
906,pizzvke,other
907,pjnrhtd,other
908,pjnwjfgw,student
909,pjxvuupt,course
910,pkbni,student
911,pkvviu,other
912,pkxxb,other
913,plbcxaf,other
914,plcks,other
915,plddbm,other
916,plkwghja,other
917,plnsnh,other
918,plrzpl,faculty
919,plwcqfga,other
920,pmmpv,course
921,pmneprn,other
922,pmtwul,course
923,pnblr,student
924,pnurvmuj,other
925,pobhzrg,faculty
926,pohzzvig,other
927,pomrzubt,other
928,ponim,student
929,ponpbpet,faculty
930,pottb,course
931,povhh,student
932,ppewcgla,student
933,pqowg,other
934,prhhoulq,other
935,prlhb,course
936,psenda,other
937,psenoob,other
938,pspktcof,other
939,psrjytzy,other
940,psvlaxwd,other
941,psvry,other
942,ptfmkkg,other
943,purnf,student
944,pvyjdfvh,course
945,pwrwosjh,course
946,pxcwhekn,course
947,pxkrm,other
948,pyepcme,other
949,pyiphyg,other
950,pytglao,student
951,pyywwcr,other
952,pzaevn,student
953,pzfsl,student
954,pzidtqlv,other
955,pznqy,other
956,qajnzy,student
957,qapnjtpf,other
958,qbbtusu,other
959,qbhrsv,faculty
960,qbqrkpx,other
961,qcaet,other
962,qcaljay,faculty
963,qdhikrl,faculty
964,qetmh,faculty
965,qetpato,course
966,qexjy,other
967,qfphl,other
968,qfxbal,student
969,qfyyq,other
970,qfzzfcr,other
971,qgxpftrc,course
972,qgzfwk,faculty
973,qhaov,other
974,qhfvar,other
975,qhjnp,course
976,qiovk,other
977,qiswj,student
978,qjaaazpc,other
979,qjimegkq,other
980,qjjlm,faculty
981,qjpdfr,student
982,qkhtsm,other
983,qkqvjt,faculty
984,qmbrbf,other
985,qmosutu,other
986,qnoufgn,other
987,qnsjufb,other
988,qobxesvq,other
989,qolyb,course
990,qovhvrh,other
991,qqfdj,student
992,qqpjjl,other
993,qqvkpysh,other
994,qqxkdezo,student
995,qraso,student
996,qraxhjys,faculty
997,qrbuxab,student
998,qripfz,student
999,qruaqyip,faculty
1000,qrvoln,other
1001,qtdrqcai,other
1002,qtfpnpr,student
1003,qtishmb,faculty
1004,qtwwz,student
1005,quatg,course
1006,quptkflk,other
1007,quyjp,course
1008,qvgvh,other
1009,qvkigj,other
1010,qvxwlws,other
1011,qwhqbqtr,other
1012,qxdrhk,student
1013,qxltpmh,faculty
1014,qxuwjkk,other
1015,qxxqr,other
1016,qxyitrll,other
1017,qygqm,other
1018,qysqqr,faculty
1019,qzajgt,other
1020,qzmjh,faculty
1021,qzpupxt,other
1022,rayfcgh,faculty
1023,rbsvykbl,other
1024,rbylaaw,student
1025,rbzxmg,student
1026,rcdphl,other
1027,rcxfcogj,faculty
1028,rcyogl,course
1029,rdhezzsl,student
1030,rdnmnzrc,other
1031,rdovq,other
1032,rdqpjqlx,other
1033,redifgfj,other
1034,reraeopq,other
1035,reukyfwa,student
1036,rfdzm,other
1037,rfiabezw,other
1038,rfnxfuk,other
1039,rhrilmb,department
1040,rhsep,faculty
1041,riagwy,other
1042,rieafyrm,course
1043,rioljwtj,student
1044,rixsxfif,faculty
1045,rjbqqdw,other
1046,rjhmytnw,other
1047,rjkqlkz,other
1048,rjqcds,student
1049,rjukv,student
1050,rkatx,student
1051,rkmxdpsz,student
1052,rkokgno,other
1053,rlnave,other
1054,rlnxbkvn,other
1055,rlspsv,other
1056,rlyhuzi,other
1057,rmdyewrl,other
1058,rmwiu,course
1059,rmxyhbk,course
1060,rngiu,other
1061,rnhzudzg,other
1062,rnosomvv,student
1063,rntfgee,other
1064,roisjft,student
1065,rosxu,student
1066,rowjm,other
1067,rpidkd,faculty
1068,rpukwtef,other
1069,rpwonk,course
1070,rqabbch,course
1071,rqbxxl,course
1072,rqdpssq,student
1073,rqocwhxu,other
1074,rrgpppop,student
1075,rseuer,student
1076,rsfebueu,faculty
1077,rszjd,other
1078,rtdgpvlc,faculty
1079,rtdhifk,course
1080,rtdiyzd,other
1081,rteuy,student
1082,rthigud,student
1083,rujnpfdv,student
1084,rusorxq,other
1085,ruxgzeax,course
1086,rvgdymog,other
1087,rvjpodb,other
1088,rvwffq,other
1089,rwmiz,student
1090,rwrko,course
1091,rxnjvgzd,other
1092,rxzeli,other
1093,rymqfqdn,other
1094,ryqcne,other
1095,ryvjcfnj,other
1096,ryvuha,other
1097,ryxpilnj,other
1098,ryzxu,other
1099,samhkjzj,other
1100,saqelsg,other
1101,sbdvyks,other
1102,sbswsnik,other
1103,sbzkac,other
1104,sbzthj,other
1105,scbezdx,other
1106,scfijbu,other
1107,scldtmm,other
1108,scoqtrpn,student
1109,sdaedo,faculty
1110,sdwkztnc,project
1111,sdyiaw,student
1112,secpx,student
1113,setevnrs,course
1114,sffqp,other
1115,sfnmxx,other
1116,sgrcqh,other
1117,shabqkpo,faculty
1118,shgrrxm,faculty
1119,shlql,student
1120,shorc,other
1121,shvuuls,student
1122,sijitbd,faculty
1123,sikxp,faculty
1124,silpo,other
1125,simnaiid,other
1126,sivqknlq,project
1127,skcbez,faculty
1128,skjbikqn,student
1129,skzzyz,other
1130,sliutrq,other
1131,sluybuce,course
1132,smffe,other
1133,smhwljcv,course
1134,smismv,course
1135,smjotpto,other
1136,smkcife,faculty
1137,smqmlfgn,other
1138,smqsgj,other
1139,smtqfu,other
1140,smydraa,student
1141,sndtbf,other
1142,snkofs,student
1143,snldrfht,other
1144,snwpmu,other
1145,sokrdvej,student
1146,sorah,other
1147,sphiqtdr,other
1148,sphpwnwi,other
1149,spksfaj,student
1150,spvpn,student
1151,sqbpijj,other
1152,sqhos,other
1153,sqwjskg,other
1154,srfft,other
1155,srjxwuc,course
1156,srkhiapm,course
1157,srtmzx,other
1158,srylfnmn,other
1159,stfmt,other
1160,stfrgd,other
1161,sttad,other
1162,sulavwtn,other
1163,suqfqzt,faculty
1164,swccy,other
1165,swgied,faculty
1166,swsuue,faculty
1167,swyppqy,course
1168,sxdmgx,other
1169,sxfkrscz,course
1170,sxghcaoe,other
1171,sxzju,faculty
1172,syphpwi,other
1173,syryuiq,course
1174,syxty,other
1175,syzkp,other
1176,szclqg,other
1177,szeuxgw,faculty
1178,szlmwq,other
1179,szvzt,other
1180,szzsbzp,other
1181,takejb,other
1182,tbcbekmq,other
1183,tbhhyctl,other
1184,tbkoiw,other
1185,tbugr,other
1186,tbztbzu,student
1187,tciwtsu,student
1188,tclbku,faculty
1189,tclywy,other
1190,tcpjsr,other
1191,teyskot,other
1192,tfggglf,other
1193,tfghbb,other
1194,tgiyn,course
1195,thjpmdp,other
1196,thpiz,student
1197,thxcjaib,other
1198,tibnwoka,other
1199,tibssnu,other
1200,ticjdcr,other
1201,ticyp,student
1202,tidvz,other
1203,titkmd,other
1204,tjcyiuy,other
1205,tjvzkyq,other
1206,tjxmtdv,course
1207,tkkhe,student
1208,tkqvsduv,faculty
1209,tmucvdi,student
1210,tmvwxf,other
1211,tnfeezvd,other
1212,tnjlwzwb,student
1213,tnuwsmd,other
1214,tomluz,other
1215,tooal,other
1216,tpdcgxy,other
1217,tpedb,other
1218,tqelvzrz,other
1219,tqftv,student
1220,tqofkoq,other
1221,tqperqh,other
1222,tqqlff,other
1223,trwuo,faculty
1224,tryacy,other
1225,tsceov,student
1226,tslgebal,student
1227,tspdree,other
1228,tssjsw,student
1229,ttain,other
1230,ttjwn,student
1231,ttlztms,course
1232,ttqpaslw,other
1233,tvcksd,other
1234,tvkyfq,student
1235,tvmqpm,other
1236,twfqhbrg,faculty
1237,twqjlu,other
1238,twzqsn,faculty
1239,txetad,other
1240,txnig,student
1241,txyyqtyg,department
1242,tyflylsk,other
1243,tzabfv,other
1244,tzkasqnn,student
1245,tzloz,other
1246,tznjyo,course
1247,tzzky,other
1248,tzznkxf,other
1249,uaalnyoj,course
1250,uapyjabq,student
1251,uaupqkjg,course
1252,uazvhld,other
1253,ubpfdjg,other
1254,ucomfn,other
1255,ucqabpbo,other
1256,udfqv,student
1257,udghn,other
1258,udjcy,other
1259,ueaelqhp,other
1260,uecth,faculty
1261,uefdjout,faculty
1262,uehan,other
1263,uerqckoj,student
1264,ufsug,other
1265,uftkkja,other
1266,ugcynhdy,other
1267,ughlzdd,other
1268,ugyrbjsh,other
1269,uhakc,other
1270,uhbbh,other
1271,uhuwvfkk,other
1272,uicnn,other
1273,uihixqum,other
1274,uiidp,student
1275,ujnnvh,student
1276,ukgoagzq,student
1277,uktep,course
1278,ulfyinpd,other
1279,ulmioz,department
1280,umaqs,other
1281,umfmofv,other
1282,umhdmc,other
1283,umqzp,faculty
1284,unbawwp,student
1285,uncjwyyp,student
1286,uneyzw,course
1287,unmkyxtt,other
1288,unmwiet,other
1289,unokivxy,student
1290,unxkz,other
1291,uohan,course
1292,uonjb,course
1293,uoqfwcge,faculty
1294,uphoqmv,other
1295,upvdcil,student
1296,upzieony,course
1297,upzow,other
1298,uqrfyv,other
1299,uqvegan,course
1300,urauv,other
1301,uraxyoec,student
1302,urgmrkp,other
1303,urhjkm,faculty
1304,urjbt,other
1305,urmpyj,course
1306,urpxexkq,faculty
1307,urwojpfi,other
1308,usnst,faculty
1309,usodu,other
1310,utcniycx,student
1311,utste,other
1312,utthj,student
1313,utvxb,student
1314,uudvxh,faculty
1315,uuouaarr,other
1316,uupkms,other
1317,uuvni,other
1318,uuyzux,other
1319,uuzjjep,student
1320,uvdoelf,other
1321,uvqtpm,student
1322,uvtdgfti,other
1323,uwnkyw,other
1324,uxdouy,student
1325,uxhlojgi,other
1326,uymslh,other
1327,uypqg,other
1328,uzmbjytx,student
1329,vamvo,course
1330,vbefiwn,other
1331,vbpiud,faculty
1332,vbvejg,other
1333,vbyxl,other
1334,vceoh,other
1335,vcghxedd,other
1336,vdxpzkfl,other
1337,veacz,other
1338,vejoina,other
1339,vetejigi,student
1340,vgdjl,other
1341,vgflj,other
1342,vgghodxn,department
1343,vgkqf,other
1344,vgyes,other
1345,viduze,student
1346,vircjd,faculty
1347,vivfatjo,other
1348,vjaghhtu,other
1349,vjejypo,other
1350,vkpfv,other
1351,vkyun,student
1352,vlpbgmh,other
1353,vmaagp,course
1354,vmeusmjs,other
1355,vmtkvyq,student
1356,vnibwn,other
1357,voaecend,course
1358,vofqtp,other
1359,vofxu,other
1360,vougrt,other
1361,vpasle,other
1362,vpiwso,other
1363,vplyymbb,other
1364,vptlgja,other
1365,vpxuxe,other
1366,vpzsxsde,other
1367,vqcvew,other
1368,vqshies,faculty
1369,vrnec,student
1370,vrpbzut,other
1371,vryhvzg,other
1372,vsscij,other
1373,vsvgi,other
1374,vszfsxc,other
1375,vtcrtk,project
1376,vteob,other
1377,vtgaqhef,student
1378,vtpjku,faculty
1379,vucvfbo,other
1380,vukas,student
1381,vukoi,other
1382,vukvkftf,course
1383,vvnujx,other
1384,vvpwfqpw,course
1385,vvtckzz,student
1386,vvvty,other
1387,vvzcwkr,other
1388,vwdpdg,faculty
1389,vwpazsc,other
1390,vwuwqyt,student
1391,vxwschv,student
1392,vxydxvhn,faculty
1393,vydaya,student
1394,vyiacx,faculty
1395,vyxyw,other
1396,wagnh,other
1397,waktj,other
1398,wayudf,other
1399,wbiyyafc,faculty
1400,wbqkmk,faculty
1401,wbuul,student
1402,wbxnhayf,other
1403,wcgqxff,other
1404,wcjpbf,other
1405,wcwtzpny,other
1406,wdmhyym,course
1407,wdvxr,course
1408,wdyitfx,student
1409,werhnlmo,other
1410,weuyrc,other
1411,weyaq,other
1412,wezofmdj,faculty
1413,wfdvqju,other
1414,wfqwne,student
1415,whatoka,student
1416,whchrj,other
1417,whgcvmc,other
1418,winew,other
1419,wiozj,course
1420,wisos,other
1421,wjdnmh,student
1422,wjflwg,other
1423,wjikmk,student
1424,wjwnoa,course
1425,wkabbe,student
1426,wkbpmmx,student
1427,wkgyykz,other
1428,wkkwq,other
1429,wkqvj,course
1430,wlgmcu,faculty
1431,wlujat,other
1432,wmwvatnb,other
1433,wmzuqp,other
1434,wnkmdk,other
1435,woamr,course
1436,wognyts,other
1437,woiup,other
1438,wozlcqqe,course
1439,wozzc,other
1440,wponbx,other
1441,wpwkd,course
1442,wpzfjnwb,other
1443,wqftug,department
1444,wqnpthh,faculty
1445,wqrxuql,other
1446,wqydh,other
1447,wroia,faculty
1448,wrwgeb,other
1449,wrwst,other
1450,wsmcxjb,student
1451,wsrchup,other
1452,wtvjwt,student
1453,wuafx,other
1454,wuptba,other
1455,wupxmuix,other
1456,wuuif,other
1457,wuuosaed,other
1458,wvhluq,other
1459,wvjzvyvw,project
1460,wvmbv,other
1461,wvxmnt,other
1462,wwisnmd,other
1463,wwqvvjs,department
1464,wxbhjnn,other
1465,wxbhke,other
1466,wxlsfqdf,other
1467,wxpmg,faculty
1468,wxsty,student
1469,wzbokx,faculty
1470,wzbpymob,faculty
1471,wzime,other
1472,wzkfopvp,student
1473,wzmiky,student
1474,wzzsat,student
1475,xbazlov,student
1476,xbccwj,faculty
1477,xbczrmz,other
1478,xbodwpf,other
1479,xbywiofb,other
1480,xdwwn,student
1481,xdyech,other
1482,xefhoj,student
1483,xegyoao,student
1484,xehjwfv,other
1485,xehokcn,other
1486,xekcw,other
1487,xelszv,other
1488,xfaiss,course
1489,xfmweyy,other
1490,xfyqrgf,student
1491,xggyx,faculty
1492,xgtpxl,other
1493,xhekwdq,course
1494,xhfqxyg,other
1495,xhokpp,student
1496,xicjxs,course
1497,xigmw,student
1498,xisjhb,student
1499,xiwqo,student
1500,xiyialqk,other
1501,xjdbg,department
1502,xjlsnsah,other
1503,xjtobrx,other
1504,xkpxrf,student
1505,xlgkek,other
1506,xlhpgzu,other
1507,xlmkr,student
1508,xlobzd,course
1509,xmmhnp,other
1510,xmpmap,other
1511,xmrhqtqb,faculty
1512,xmuzdze,student
1513,xmvvel,other
1514,xnrqsl,student
1515,xnwfz,other
1516,xpajbs,other
1517,xpolx,course
1518,xquntnm,department
1519,xrceqcgi,other
1520,xtjou,student
1521,xtkmljpb,other
1522,xtlfyrqe,other
1523,xtnlnc,course
1524,xuime,other
1525,xuoppkn,other
1526,xvcldiw,other
1527,xvesdne,student
1528,xvlikyt,student
1529,xvzmwpsh,other
1530,xwdvabs,faculty
1531,xwgndfxh,other
1532,xxnbrcs,student
1533,xxyuea,student
1534,xyiafjk,course
1535,xyksfzpt,other
1536,xyqlp,other
1537,xyqyyd,faculty
1538,xyufofwi,other
1539,xzgww,other
1540,yadbhst,student
1541,yajcfiu,faculty
1542,yapkjnvk,other
1543,yawspc,faculty
1544,ybbbche,other
1545,ybcvkiqf,other
1546,ybmlhz,student
1547,ybppz,faculty
1548,yckusfqv,student
1549,ycvkbx,other
1550,ydbfhql,other
1551,ydkxsvar,other
1552,yfowe,other
1553,yftemp,project
1554,yfygyu,faculty
1555,yghie,student
1556,ygjolah,course
1557,ygqsjtxz,student
1558,ygrgy,course
1559,ygycaic,student
1560,yhcpzrfo,other
1561,yhwmjuo,other
1562,yiltpbly,faculty
1563,yimpq,other
1564,yiohudke,other
1565,yjdwr,other
1566,yjmvoa,other
1567,yjmwkn,other
1568,yjrtz,student
1569,yjtubjn,other
1570,yloilxu,student
1571,ylvqmlp,course
1572,ylwraohb,student
1573,ymako,other
1574,ymkwkcd,other
1575,ympfium,other
1576,ynikxrtr,other
1577,ynozhbm,other
1578,yolbla,other
1579,yoqrlnzf,other
1580,ypksxut,other
1581,ypmwe,other
1582,ypudwfvf,other
1583,ypwwzekj,course
1584,ypxfdn,other
1585,yqium,faculty
1586,yrjhu,faculty
1587,yruomuus,other
1588,ysfrk,student
1589,ythxhd,other
1590,ytpju,faculty
1591,ytvco,student
1592,yucra,other
1593,yujiusv,faculty
1594,yvdelq,student
1595,yvxpvlc,student
1596,ywosgix,other
1597,ywpbst,other
1598,ywrzvbyr,student
1599,yxmkc,faculty
1600,yxzgihv,other
1601,yywthxme,other
1602,yzpjgv,student
1603,yzqamu,faculty
1604,yzqkk,student
1605,yzvdbvgg,faculty
1606,zabhnt,other
1607,zcjqp,student
1608,zcprw,student
1609,zcwlvejw,other
1610,zcywupd,other
1611,zdepjjwh,other
1612,zemgq,student
1613,zfehbu,other
1614,zfmgxz,other
1615,zfmpy,other
1616,zgrtpsri,faculty
1617,zgrzpiay,other
1618,zgwwfvlq,other
1619,zhncldpt,faculty
1620,zhwcpf,other
1621,zibqmi,other
1622,zilams,course
1623,ziuunycb,project
1624,ziuzwl,other
1625,zjggyij,other
1626,zkivua,other
1627,zkrcw,other
1628,zkwhp,student
1629,zlshvea,other
1630,zlsqsds,student
1631,zlvjh,other
1632,zndgv,other
1633,znnex,other
1634,zobjoz,student
1635,zodhxn,other
1636,zonegssw,course
1637,zoukpqm,other
1638,zpeuuxw,student
1639,zqaau,other
1640,zqaipj,other
1641,zrnggdny,other
1642,zsakwfvj,project
1643,zsbkhic,other
1644,zsylru,other
1645,ztmcj,other
1646,ztoydtcl,student
1647,ztrfkwki,other
1648,zudeebif,other
1649,zupzrry,other
1650,zvrysckq,other
1651,zwcgsbo,student
1652,zxcehieq,other
1653,zxexuw,student
1654,zxmmn,other
1655,zxwkru,other
1656,zybimtt,other
1657,zypnixf,student
1658,zzszho,other
