,id,Predicted
0,aaclkul,other
1,aagelci,other
2,aangjmn,other
3,aawnpc,other
4,abdjgiz,other
5,abeith,other
6,acbplmv,faculty
7,aceolgzx,other
8,aeohgccl,other
9,afdtazl,student
10,ahomx,other
11,aigkvvw,student
12,aiiuj,course
13,aimch,student
14,aiqltd,faculty
15,aishkqu,other
16,aixqtudn,other
17,aizdnscx,other
18,ajgfhfc,other
19,ajjwszik,other
20,akbfdvs,student
21,aktnyrw,student
22,alfaog,course
23,aljsfwq,faculty
24,alrywqkr,other
25,altuxox,other
26,altxhm,other
27,amowrsh,other
28,ampuskyi,other
29,amvukjdd,other
30,amwcmt,other
31,amzuns,other
32,anjxcrs,faculty
33,anpusdof,course
34,apakwv,other
35,apcgc,other
36,apkhal,other
37,aplafmip,faculty
38,apmwy,other
39,apnbs,other
40,appjcc,other
41,aqhzllis,project
42,aqsrcsy,department
43,arwvjftm,other
44,arzeerl,student
45,asani,course
46,asjtpgrs,other
47,aslkxlcr,other
48,asmucefp,other
49,aspksukx,faculty
50,aspnkeit,other
51,audtaxh,other
52,augeudkf,other
53,augwaud,other
54,aunqt,other
55,avemi,other
56,awioiejc,faculty
57,awlal,student
58,axgkxmj,other
59,axphpch,other
60,aykqf,course
61,ayteap,other
62,azndzp,department
63,bbgkx,other
64,bcsrsbug,faculty
65,bdcydd,other
66,bdptkaio,other
67,bdwiu,other
68,begqls,other
69,beoczxhp,other
70,beoyl,other
71,beveykcq,other
72,bfiznf,other
73,bghlh,other
74,bgnisk,other
75,bgudhc,other
76,bgxblaq,other
77,bhjnxfeq,student
78,bhkvqidu,other
79,bhlwohi,student
80,bhptsyjz,student
81,bhuwf,other
82,bhzijblm,other
83,biaio,faculty
84,bilwr,other
85,bjjitsgt,course
86,bjwiuevz,other
87,bjzfnftw,other
88,blobw,course
89,bmmzflr,other
90,bnbsv,student
91,boarhn,other
92,bodmvxdf,other
93,bofjb,other
94,bondtsrh,other
95,bovyrx,other
96,bpblgwar,department
97,bphhvc,other
98,bpjzrlxy,student
99,bpxla,faculty
100,bqbvlmis,other
101,bqcuk,student
102,bqfbagmb,other
103,brhotofi,student
104,brmtqcj,other
105,brorn,other
106,browzov,course
107,brwup,other
108,brzpgboe,other
109,bsjgc,other
110,bsjsuzw,other
111,bslps,other
112,btpdso,faculty
113,btrlegkg,other
114,bttjq,other
115,bulvw,student
116,bumcmpt,student
117,bvabh,course
118,bvkkhgyo,other
119,bvnniatg,other
120,bvtwusw,faculty
121,bvvko,course
122,bwjjh,other
123,bwvavr,faculty
124,bxwnlyu,other
125,bxxlthi,other
126,bypmk,other
127,byyxifzz,student
128,bzavavce,other
129,bzbyv,other
130,bzthieu,department
131,caaelf,student
132,caecfi,other
133,caeck,other
134,caogdi,other
135,cbdxh,other
136,cbuuznl,other
137,ccbje,other
138,cddmp,other
139,cdhwa,student
140,cdruyo,other
141,cehogf,faculty
142,cenlf,student
143,cfcynn,course
144,cfsvmoen,other
145,cftid,other
146,cfwzqt,other
147,cgjuowc,course
148,charmfhj,other
149,chwusgl,other
150,cifmtm,faculty
151,cifyk,student
152,cioumfyi,course
153,ciuipt,other
154,ciwmb,other
155,cjnrzzmk,course
156,cjnxondy,other
157,ckemt,student
158,cketrvj,other
159,ckhzgl,other
160,clcydbp,student
161,clkaoj,other
162,clpyjrid,student
163,clsxoodd,other
164,cnhjk,other
165,cnlce,other
166,coomnevj,student
167,cotsv,other
168,cqksepwt,other
169,cqqqjx,other
170,cqtek,other
171,cqyvoud,other
172,cqzxj,other
173,crbexe,other
174,crusceee,other
175,ctfljg,faculty
176,ctshqqfo,other
177,cvxtmt,other
178,cwlxvwh,course
179,cxdpjw,student
180,cxjmjdh,faculty
181,cxvkh,faculty
182,czkze,other
183,czvftspe,other
184,czwglks,other
185,dbtooseb,faculty
186,dcbnebw,other
187,dcidctu,other
188,dclyjjg,other
189,ddgreszb,course
190,ddlpfjed,other
191,ddsnlb,faculty
192,ddurpci,department
193,ddwoml,other
194,debuzvc,other
195,deopslyp,other
196,deqwxxpt,other
197,devpg,other
198,dfuhpn,other
199,dfvnobj,other
200,dfzdiiy,other
201,dgppgjr,other
202,dhrezf,staff
203,dhtdvz,other
204,digdken,other
205,djqfg,student
206,djrcms,other
207,dkgpnac,other
208,dkzacj,other
209,dmdjwh,other
210,dmiti,other
211,dmxjlh,other
212,doihof,other
213,dqhfisnj,other
214,dqxgzzq,student
215,dsnfmpl,department
216,dsvfsknw,other
217,duevfegy,other
218,duewkd,other
219,duhyq,project
220,dupih,other
221,dupnrc,other
222,duztbzxs,course
223,dvtry,faculty
224,dwsrmkmd,course
225,dxratuv,department
226,dxwljzj,project
227,dykbpos,course
228,dyruktbc,other
229,dyzbzmd,student
230,eanugl,other
231,eapzf,other
232,ecpfwumt,course
233,eechlt,other
234,eenhsx,other
235,eeqnxdb,other
236,eezqfeb,student
237,efkum,other
238,egjrrq,other
239,egqhoaq,faculty
240,eicecdq,student
241,eicifodp,course
242,eihif,other
243,eisomf,other
244,ejdmt,other
245,ejygdjl,other
246,ekauzlfp,student
247,eksgz,faculty
248,ekwtr,other
249,elbnnrs,other
250,elgcpgx,other
251,elsgfepj,other
252,emjhblgl,other
253,empwxl,department
254,emtufqje,course
255,enikcsv,other
256,eoohbumy,course
257,epftt,other
258,eplubxxs,other
259,eporowdg,other
260,epuimb,student
261,epxzvm,student
262,erxspdd,other
263,eshbrq,other
264,esjxb,faculty
265,espxbh,other
266,estbkk,course
267,esxrrht,student
268,etibjjjs,student
269,eudatvy,other
270,evegw,course
271,evwphope,other
272,ewlew,other
273,ewnonvxy,other
274,ewsktq,other
275,ewwcso,faculty
276,exatc,other
277,excvdwzh,course
278,exiitk,other
279,eyaswbjz,other
280,eygbw,other
281,eyjdhqq,other
282,eysee,project
283,eytliaib,student
284,eyvafkd,student
285,eyxtv,faculty
286,ezpaic,other
287,fajpkgj,other
288,faprw,other
289,faqoft,other
290,fbcvban,student
291,fbzij,other
292,fcpcxixw,department
293,fcwjgf,other
294,fczhavit,other
295,fdxcbwrj,other
296,feavav,other
297,feeuawp,course
298,fekdcta,other
299,ffcrqo,other
300,ffczrnz,other
301,ffqtge,other
302,ffrkhfcp,other
303,fgnuh,department
304,fhalcyxq,other
305,fhayg,faculty
306,fhszf,other
307,fhwlo,other
308,fimnwyjw,other
309,fizgc,other
310,fjxpjfez,other
311,fksba,other
312,fkvuit,course
313,flectkq,other
314,flgtpxn,other
315,fmahjld,other
316,fmjcrj,student
317,fmmiki,other
318,fmqwylsg,student
319,fndgjmzm,other
320,fnqkojm,course
321,fnsurvey,course
322,fppga,other
323,fpwuad,other
324,fqealu,other
325,fqkyhcel,student
326,fqnaj,student
327,fromyknh,other
328,fsjvm,other
329,ftipfpcv,other
330,fudhjb,other
331,fugmzdml,student
332,fuvxncl,other
333,fuxozggi,other
334,fvcnksd,faculty
335,fvgngpl,other
336,fvuyfjv,faculty
337,fwzhcxrx,other
338,fxabo,other
339,fxqhlu,other
340,fygug,other
341,fzgowhq,other
342,fzuwzk,student
343,fzyjwl,other
344,gaqepyeo,student
345,gazyznk,faculty
346,gbmsh,other
347,gbumd,student
348,gbvqwbe,other
349,gbzlhhl,other
350,gciirlh,other
351,gdgvwifk,other
352,gdpex,faculty
353,gduwb,other
354,gdxmso,student
355,gedcirqa,project
356,geiruvj,student
357,gevdzsvt,other
358,gfpmjx,student
359,gfvefxbu,course
360,gfwdbf,other
361,gfyrwma,other
362,ggozukjr,course
363,ghxnl,student
364,gieoqvia,course
365,gjhhavd,other
366,gjpcxt,other
367,gjtxqp,other
368,gjuhqzdv,other
369,gkdnf,other
370,gkhact,other
371,gkqtn,course
372,gkvqoukw,other
373,gnaju,faculty
374,gnothl,other
375,gnrotudd,other
376,gnzbtght,other
377,gotjzb,other
378,gowqht,other
379,goxgfr,student
380,gqgtsy,other
381,grddrzm,other
382,gtbdebp,course
383,gtchjnzw,faculty
384,gtdarzt,other
385,gtdctoah,other
386,gtgxgzcn,student
387,gtjdqq,student
388,gtwhcjns,other
389,gtxqws,course
390,gurvox,project
391,gwnono,other
392,gwojb,faculty
393,gwtwpgzd,course
394,gwytgt,department
395,gxabdahe,department
396,gxdcpwo,faculty
397,gxqadkgw,other
398,gyldrugw,faculty
399,gyutr,other
400,gzcicjd,student
401,gzomtedw,course
402,gzzdke,faculty
403,hafjoyi,student
404,haifof,student
405,hbobpex,faculty
406,hbregcw,student
407,hchoacu,department
408,hcxyp,course
409,hczmwigz,other
410,heaeeg,other
411,heatdq,student
412,heiozqq,other
413,hezwgs,other
414,hfdchvs,other
415,hfpivpuu,other
416,hgjwxb,student
417,hgmehmo,other
418,hhabfel,student
419,hhdjgk,faculty
420,hhdrss,other
421,hhsnp,other
422,higwe,other
423,hkdkgy,faculty
424,hlsypm,other
425,hltxkki,other
426,hmavwgj,student
427,hmdjklt,other
428,hmidet,other
429,hmrwjp,other
430,hngmr,other
431,hnweal,other
432,hoqua,other
433,hovra,faculty
434,hpsaouip,other
435,hpweca,other
436,hpzoxitc,faculty
437,hqrwpbt,other
438,hquvdf,faculty
439,hrojordm,faculty
440,hrshysyc,faculty
441,hskgpx,student
442,hszvzt,other
443,htbdkait,other
444,htqac,student
445,huovxti,other
446,hurpsrje,student
447,huumx,faculty
448,hvmsfmtn,faculty
449,hvstwh,other
450,hwxdzumg,other
451,hxkeks,other
452,hxncig,faculty
453,hyakvwkw,other
454,hyutx,student
455,iasqknq,student
456,iavwjn,student
457,iawcg,other
458,ibnqs,other
459,ibxwya,other
460,icptqhh,other
461,iczwhz,student
462,idjfvfvk,course
463,ifclx,student
464,ifhyt,student
465,ifttvly,other
466,igamsti,course
467,igfttdjo,project
468,igswa,course
469,ihrpmc,course
470,ihsbfi,faculty
471,iirmwgfq,other
472,iitwjneu,faculty
473,iivlvl,student
474,ijkhegq,other
475,ijoyru,other
476,ijsqaud,other
477,ikgbbfg,other
478,iklphm,other
479,ilktf,other
480,iloxxj,other
481,imdrjq,other
482,imltuesr,other
483,immpx,other
484,inlsldab,other
485,ioabqtxs,other
486,ioxoxekd,other
487,iplufn,other
488,iprfwqc,faculty
489,iqbqv,other
490,iqeigph,other
491,irhvgjs,other
492,irhvprt,other
493,irjhn,other
494,irrdkkbn,other
495,iryynwmk,other
496,isxcfiva,student
497,iszou,other
498,itlkmcny,other
499,itmbdhy,student
500,itozobft,other
501,iuxnok,course
502,iuxtwgjz,student
503,iwron,faculty
504,iwsxp,other
505,iwwwqw,faculty
506,iwywhmi,faculty
507,ixfhz,other
508,ixfqx,project
509,ixoubp,student
510,ixslka,other
511,iyemmjpt,other
512,iyfsi,other
513,iypszquv,other
514,iyykc,course
515,izhzil,student
516,izktf,other
517,iztxnf,other
518,jbarxv,faculty
519,jcalgzyq,other
520,jcmkz,other
521,jctytnm,faculty
522,jdjamsls,student
523,jdnph,other
524,jdnrfqx,other
525,jdscdzrq,other
526,jdwxv,other
527,jewrlbk,other
528,jfdjl,student
529,jffly,other
530,jfiubhz,faculty
531,jfpfze,faculty
532,jfqpd,faculty
533,jfwjlbtk,other
534,jgzrtkhc,other
535,jhptp,faculty
536,jieeefx,faculty
537,jjdohqq,course
538,jjomjmu,other
539,jjtlz,other
540,jjvpn,faculty
541,jklzmg,other
542,jlecz,other
543,jlkbszx,department
544,jlrqqriz,other
545,jmbmykpe,other
546,jmcmoudq,student
547,jmiqllv,other
548,jnlam,student
549,jnvplm,student
550,jptfm,other
551,jpxvffy,other
552,jqbbor,project
553,jqbuixz,student
554,jqeqv,course
555,jqfuqu,course
556,jrkacjdp,other
557,jrpbytj,project
558,jryqezxd,other
559,jspgm,other
560,jswcx,other
561,jsybmuwh,other
562,jsyjyssc,other
563,jtahlq,other
564,jtcqmpo,other
565,jubzucis,other
566,juealsvj,other
567,junlpo,other
568,juwhwbv,other
569,juwmtndc,other
570,jvhhaxpn,course
571,jvnyyk,other
572,jwawqn,student
573,jwfzxxg,other
574,jwkygjy,other
575,jxbmfg,student
576,jxiite,other
577,jxjpziw,other
578,jxpqg,other
579,jxqpwlw,other
580,jyeyszb,other
581,jyffkgyk,other
582,jymnj,course
583,jzifdoy,other
584,jzjei,other
585,jzoegbn,student
586,jzoyf,department
587,kaqaica,student
588,karbsg,student
589,kbjsadwd,other
590,kbsxru,other
591,kbwcx,other
592,kcjaz,other
593,kcldhpcj,other
594,kcogomz,other
595,kdscbeoa,other
596,kegru,student
597,kejiyfi,other
598,kesfngwd,faculty
599,kfbgivtc,other
600,kgaxenm,student
601,kgmxep,course
602,kgtrkmsz,faculty
603,khcaied,course
604,khtaydx,project
605,kiqge,student
606,kjfoazza,student
607,kjjbbt,other
608,kjnmoil,other
609,kjsyzoav,other
610,klpyg,student
611,kltqcs,other
612,klysfu,student
613,klzplzo,course
614,kmrpuzwi,student
615,knvdg,faculty
616,kobkw,student
617,kofrfx,other
618,kqghrpia,other
619,kqohtbk,other
620,kqqjul,other
621,krdwlm,other
622,krjly,other
623,ksbke,course
624,ksglvhbn,faculty
625,kskwfq,other
626,kspcm,course
627,ksuan,faculty
628,ktjhyivf,project
629,ktmvcnv,other
630,kubbcel,faculty
631,kucnbni,project
632,kuecr,course
633,kulinjxp,other
634,kuwjxt,other
635,kvals,course
636,kvtlipjh,course
637,kvxrm,other
638,kwmbjag,other
639,kxbknr,faculty
640,kxckdvl,other
641,kxkilvn,other
642,kxwsy,other
643,kydoocvs,other
644,kypnmal,other
645,kyughy,other
646,kzgrf,other
647,kzhkaelo,faculty
648,kztyatd,other
649,kzvrrq,other
650,laazymrn,other
651,lafkhdc,other
652,lalle,other
653,lawengc,course
654,lawhfzt,student
655,lbbfjhf,student
656,lbiaen,faculty
657,lbokfzil,other
658,lclvhfy,department
659,lcnosc,other
660,lcuod,other
661,ldwcriio,other
662,ldwnvwx,student
663,ldwvc,course
664,lexfksko,student
665,lftxjvs,other
666,lfukf,other
667,lfuutmdo,other
668,lfzwtjn,other
669,lgzaacv,other
670,lgztt,other
671,lhecwea,project
672,lhmqz,course
673,lhyku,other
674,livhw,course
675,livtdd,other
676,ljqcj,other
677,ljylnd,other
678,lkhsef,faculty
679,lknwvokt,other
680,lkyjhgjr,other
681,llsokyh,other
682,lmobyly,department
683,lndjiibk,student
684,lnezhnb,department
685,lnjznbyx,other
686,lnstrg,other
687,lobyn,course
688,loflw,course
689,lohsn,course
690,lomurthi,other
691,lpqqysth,other
692,lptrnbd,student
693,lpzykg,other
694,lqomt,department
695,lquduym,other
696,lsfqtx,other
697,lsmbvcgc,other
698,lswtmup,faculty
699,ltwcnxe,other
700,ltxmyss,other
701,lvaetsrg,other
702,lvqkyij,other
703,lwhudcyk,faculty
704,lwvwd,other
705,lwzgs,other
706,lxgov,faculty
707,lxhpien,other
708,lxmezm,student
709,lxnadu,other
710,lxqvv,other
711,lxvgk,course
712,lxzsc,other
713,lyjtcwqm,other
714,lynsj,other
715,lzooyy,faculty
716,lzqgc,faculty
717,lzqquih,other
718,lzybo,other
719,mabprrc,faculty
720,macgmms,other
721,macjz,student
722,maktwrg,course
723,mbfpm,other
724,mbyfebju,faculty
725,mcfjym,course
726,mdfbugu,student
727,mdqybvdc,other
728,meqmm,other
729,metwifo,other
730,mfdsqlg,student
731,mfkaijyg,other
732,mfowj,other
733,mfpqw,student
734,mfryd,other
735,mgapfvg,other
736,mgaymm,other
737,mgqqsxli,course
738,mgvpscd,other
739,mhxvauhj,student
740,mlylezz,other
741,mmigvvwa,student
742,mmizx,other
743,mmlrd,other
744,mmtvoq,other
745,mmuuo,other
746,mnjwv,other
747,mnrzhw,faculty
748,moesglp,student
749,moksh,other
750,mpejiarb,faculty
751,mpgisgc,other
752,mphlxz,other
753,mqfmt,course
754,mqfpyvdb,other
755,mqncr,faculty
756,mqxwc,other
757,mrqhsday,other
758,msvrcfr,course
759,mtsglnze,other
760,mtzuqdqc,other
761,mudeyg,course
762,muncc,other
763,muuzsqc,other
764,muxhh,faculty
765,mvhtl,other
766,mvjyf,department
767,mvlaq,other
768,mvxmadyv,other
769,mvzdvi,other
770,mwejx,other
771,mxcxhcl,other
772,mxrcuqy,other
773,myipwh,other
774,myzizsmt,other
775,mzajvh,other
776,mzguliw,faculty
777,mziqqxrl,other
778,nbvsh,other
779,ncnaj,student
780,ncnwm,other
781,nefxpthf,student
782,nfdrma,course
783,nfixgpu,faculty
784,nfntx,other
785,ngiwn,course
786,nhumd,other
787,niiskl,other
788,niizdbw,project
789,nimbgu,other
790,nizpnfpt,other
791,njcit,student
792,njesic,course
793,nksrwz,course
794,nkury,course
795,nkxxa,student
796,nlxxo,student
797,nlzggd,other
798,nmhpr,student
799,nnccrkk,student
800,nodjvh,faculty
801,nqhxy,other
802,nqnor,other
803,nrkvfmyh,course
804,nrqtkx,student
805,nsigmjh,other
806,nsixfrwy,student
807,ntrfeys,other
808,nttawca,faculty
809,nugwhj,other
810,nummeoic,student
811,nutlkn,student
812,nuurfy,student
813,nvmngy,other
814,nvyekh,department
815,nwjkcjbp,other
816,nwqios,other
817,nwsqesmo,other
818,nyqbs,other
819,nzoti,course
820,oaabx,other
821,oarjpfa,other
822,oatzro,department
823,obdwbbir,other
824,obkxqf,other
825,oceonvf,other
826,ocpni,course
827,odgedcwl,department
828,odngwf,other
829,oecphzmr,course
830,oehiy,faculty
831,ofewooh,other
832,ofkcidqa,other
833,ogkbg,course
834,ogtvbzty,other
835,ohvniioj,other
836,oikri,other
837,ojpivf,department
838,ojwsr,other
839,okiin,course
840,okjyrnjo,faculty
841,okpobjnf,student
842,oktyq,other
843,olbqqcm,other
844,olyhatok,student
845,omfea,course
846,omvawb,other
847,ondlxia,department
848,oneaef,faculty
849,onxtxl,faculty
850,ooipyor,student
851,oosiq,student
852,ootxjgh,other
853,oouybbn,other
854,oovhs,other
855,opklki,other
856,opxnfsb,other
857,orhfuocp,other
858,orjro,other
859,ortvnlou,other
860,oruixd,other
861,otajs,other
862,otbmgnv,other
863,oujqzhsy,student
864,oumtq,other
865,ouyuwu,other
866,ovfkp,faculty
867,ovtoilww,other
868,ovzunke,other
869,owlrody,other
870,owscy,faculty
871,owvpwso,other
872,oxaepx,other
873,oxvcgj,other
874,oyfvhply,department
875,oyknedm,course
876,oyuuo,other
877,oyvbwwkp,faculty
878,paorb,other
879,pbawnp,other
880,pbgmp,student
881,pbkzt,other
882,pbmbnsmg,other
883,pcfxm,other
884,pcjsleru,other
885,pcniublf,student
886,pcunh,other
887,pdkbg,other
888,pdmah,faculty
889,pdmpmk,student
890,pdqqm,other
891,pdwmhrga,other
892,pejbfu,other
893,pfhqfrd,course
894,pfuoqee,student
895,pfwwd,student
896,pgtdgqa,project
897,pgtrzghe,student
898,phbez,course
899,phdommor,other
900,phiccyjo,other
901,phidq,course
902,piepnnef,course
903,pieuuqju,other
904,pinguqo,student
905,pisti,student
906,pizzvke,other
907,pjnrhtd,department
908,pjnwjfgw,student
909,pjxvuupt,course
910,pkbni,other
911,pkvviu,other
912,pkxxb,other
913,plbcxaf,other
914,plcks,other
915,plddbm,other
916,plkwghja,other
917,plnsnh,other
918,plrzpl,faculty
919,plwcqfga,other
920,pmmpv,course
921,pmneprn,other
922,pmtwul,course
923,pnblr,student
924,pnurvmuj,other
925,pobhzrg,faculty
926,pohzzvig,other
927,pomrzubt,department
928,ponim,other
929,ponpbpet,student
930,pottb,other
931,povhh,student
932,ppewcgla,other
933,pqowg,other
934,prhhoulq,other
935,prlhb,other
936,psenda,other
937,psenoob,other
938,pspktcof,other
939,psrjytzy,other
940,psvlaxwd,other
941,psvry,other
942,ptfmkkg,other
943,purnf,department
944,pvyjdfvh,course
945,pwrwosjh,course
946,pxcwhekn,course
947,pxkrm,other
948,pyepcme,course
949,pyiphyg,other
950,pytglao,other
951,pyywwcr,course
952,pzaevn,student
953,pzfsl,student
954,pzidtqlv,other
955,pznqy,other
956,qajnzy,other
957,qapnjtpf,department
958,qbbtusu,other
959,qbhrsv,faculty
960,qbqrkpx,other
961,qcaet,faculty
962,qcaljay,faculty
963,qdhikrl,faculty
964,qetmh,faculty
965,qetpato,other
966,qexjy,other
967,qfphl,department
968,qfxbal,other
969,qfyyq,other
970,qfzzfcr,other
971,qgxpftrc,course
972,qgzfwk,other
973,qhaov,other
974,qhfvar,student
975,qhjnp,course
976,qiovk,other
977,qiswj,other
978,qjaaazpc,other
979,qjimegkq,other
980,qjjlm,department
981,qjpdfr,other
982,qkhtsm,other
983,qkqvjt,department
984,qmbrbf,other
985,qmosutu,other
986,qnoufgn,faculty
987,qnsjufb,other
988,qobxesvq,course
989,qolyb,course
990,qovhvrh,other
991,qqfdj,other
992,qqpjjl,other
993,qqvkpysh,other
994,qqxkdezo,other
995,qraso,student
996,qraxhjys,faculty
997,qrbuxab,student
998,qripfz,other
999,qruaqyip,faculty
1000,qrvoln,other
1001,qtdrqcai,other
1002,qtfpnpr,student
1003,qtishmb,other
1004,qtwwz,student
1005,quatg,course
1006,quptkflk,student
1007,quyjp,course
1008,qvgvh,other
1009,qvkigj,other
1010,qvxwlws,other
1011,qwhqbqtr,other
1012,qxdrhk,student
1013,qxltpmh,faculty
1014,qxuwjkk,faculty
1015,qxxqr,course
1016,qxyitrll,other
1017,qygqm,other
1018,qysqqr,other
1019,qzajgt,other
1020,qzmjh,other
1021,qzpupxt,other
1022,rayfcgh,faculty
1023,rbsvykbl,other
1024,rbylaaw,student
1025,rbzxmg,other
1026,rcdphl,other
1027,rcxfcogj,department
1028,rcyogl,course
1029,rdhezzsl,student
1030,rdnmnzrc,course
1031,rdovq,other
1032,rdqpjqlx,other
1033,redifgfj,other
1034,reraeopq,faculty
1035,reukyfwa,student
1036,rfdzm,other
1037,rfiabezw,faculty
1038,rfnxfuk,other
1039,rhrilmb,department
1040,rhsep,department
1041,riagwy,other
1042,rieafyrm,course
1043,rioljwtj,student
1044,rixsxfif,faculty
1045,rjbqqdw,other
1046,rjhmytnw,other
1047,rjkqlkz,other
1048,rjqcds,student
1049,rjukv,other
1050,rkatx,student
1051,rkmxdpsz,student
1052,rkokgno,student
1053,rlnave,other
1054,rlnxbkvn,other
1055,rlspsv,other
1056,rlyhuzi,other
1057,rmdyewrl,student
1058,rmwiu,course
1059,rmxyhbk,course
1060,rngiu,other
1061,rnhzudzg,student
1062,rnosomvv,student
1063,rntfgee,other
1064,roisjft,student
1065,rosxu,student
1066,rowjm,other
1067,rpidkd,other
1068,rpukwtef,other
1069,rpwonk,course
1070,rqabbch,course
1071,rqbxxl,course
1072,rqdpssq,student
1073,rqocwhxu,course
1074,rrgpppop,student
1075,rseuer,student
1076,rsfebueu,faculty
1077,rszjd,other
1078,rtdgpvlc,course
1079,rtdhifk,other
1080,rtdiyzd,other
1081,rteuy,faculty
1082,rthigud,other
1083,rujnpfdv,other
1084,rusorxq,other
1085,ruxgzeax,course
1086,rvgdymog,other
1087,rvjpodb,other
1088,rvwffq,course
1089,rwmiz,faculty
1090,rwrko,course
1091,rxnjvgzd,other
1092,rxzeli,other
1093,rymqfqdn,other
1094,ryqcne,other
1095,ryvjcfnj,student
1096,ryvuha,faculty
1097,ryxpilnj,other
1098,ryzxu,other
1099,samhkjzj,other
1100,saqelsg,other
1101,sbdvyks,other
1102,sbswsnik,other
1103,sbzkac,other
1104,sbzthj,other
1105,scbezdx,other
1106,scfijbu,course
1107,scldtmm,other
1108,scoqtrpn,other
1109,sdaedo,faculty
1110,sdwkztnc,faculty
1111,sdyiaw,student
1112,secpx,student
1113,setevnrs,other
1114,sffqp,other
1115,sfnmxx,course
1116,sgrcqh,other
1117,shabqkpo,faculty
1118,shgrrxm,faculty
1119,shlql,department
1120,shorc,course
1121,shvuuls,other
1122,sijitbd,faculty
1123,sikxp,student
1124,silpo,course
1125,simnaiid,other
1126,sivqknlq,faculty
1127,skcbez,faculty
1128,skjbikqn,student
1129,skzzyz,department
1130,sliutrq,other
1131,sluybuce,course
1132,smffe,other
1133,smhwljcv,course
1134,smismv,other
1135,smjotpto,course
1136,smkcife,other
1137,smqmlfgn,faculty
1138,smqsgj,other
1139,smtqfu,other
1140,smydraa,student
1141,sndtbf,other
1142,snkofs,student
1143,snldrfht,other
1144,snwpmu,other
1145,sokrdvej,student
1146,sorah,other
1147,sphiqtdr,other
1148,sphpwnwi,department
1149,spksfaj,other
1150,spvpn,other
1151,sqbpijj,other
1152,sqhos,other
1153,sqwjskg,other
1154,srfft,course
1155,srjxwuc,course
1156,srkhiapm,course
1157,srtmzx,other
1158,srylfnmn,other
1159,stfmt,other
1160,stfrgd,course
1161,sttad,other
1162,sulavwtn,other
1163,suqfqzt,department
1164,swccy,other
1165,swgied,faculty
1166,swsuue,faculty
1167,swyppqy,course
1168,sxdmgx,student
1169,sxfkrscz,course
1170,sxghcaoe,other
1171,sxzju,faculty
1172,syphpwi,other
1173,syryuiq,other
1174,syxty,department
1175,syzkp,other
1176,szclqg,other
1177,szeuxgw,course
1178,szlmwq,other
1179,szvzt,other
1180,szzsbzp,other
1181,takejb,other
1182,tbcbekmq,other
1183,tbhhyctl,other
1184,tbkoiw,other
1185,tbugr,other
1186,tbztbzu,student
1187,tciwtsu,student
1188,tclbku,student
1189,tclywy,other
1190,tcpjsr,other
1191,teyskot,other
1192,tfggglf,other
1193,tfghbb,course
1194,tgiyn,course
1195,thjpmdp,other
1196,thpiz,other
1197,thxcjaib,other
1198,tibnwoka,other
1199,tibssnu,other
1200,ticjdcr,other
1201,ticyp,other
1202,tidvz,other
1203,titkmd,other
1204,tjcyiuy,other
1205,tjvzkyq,staff
1206,tjxmtdv,course
1207,tkkhe,other
1208,tkqvsduv,faculty
1209,tmucvdi,student
1210,tmvwxf,other
1211,tnfeezvd,course
1212,tnjlwzwb,student
1213,tnuwsmd,other
1214,tomluz,other
1215,tooal,other
1216,tpdcgxy,other
1217,tpedb,other
1218,tqelvzrz,other
1219,tqftv,other
1220,tqofkoq,other
1221,tqperqh,other
1222,tqqlff,course
1223,trwuo,student
1224,tryacy,other
1225,tsceov,student
1226,tslgebal,student
1227,tspdree,course
1228,tssjsw,other
1229,ttain,course
1230,ttjwn,other
1231,ttlztms,other
1232,ttqpaslw,course
1233,tvcksd,other
1234,tvkyfq,other
1235,tvmqpm,other
1236,twfqhbrg,faculty
1237,twqjlu,course
1238,twzqsn,faculty
1239,txetad,other
1240,txnig,faculty
1241,txyyqtyg,department
1242,tyflylsk,other
1243,tzabfv,other
1244,tzkasqnn,student
1245,tzloz,other
1246,tznjyo,course
1247,tzzky,department
1248,tzznkxf,other
1249,uaalnyoj,course
1250,uapyjabq,department
1251,uaupqkjg,course
1252,uazvhld,course
1253,ubpfdjg,other
1254,ucomfn,other
1255,ucqabpbo,other
1256,udfqv,student
1257,udghn,other
1258,udjcy,other
1259,ueaelqhp,other
1260,uecth,faculty
1261,uefdjout,other
1262,uehan,other
1263,uerqckoj,student
1264,ufsug,other
1265,uftkkja,other
1266,ugcynhdy,other
1267,ughlzdd,other
1268,ugyrbjsh,other
1269,uhakc,other
1270,uhbbh,other
1271,uhuwvfkk,student
1272,uicnn,other
1273,uihixqum,course
1274,uiidp,faculty
1275,ujnnvh,student
1276,ukgoagzq,other
1277,uktep,course
1278,ulfyinpd,other
1279,ulmioz,department
1280,umaqs,course
1281,umfmofv,student
1282,umhdmc,other
1283,umqzp,faculty
1284,unbawwp,student
1285,uncjwyyp,other
1286,uneyzw,course
1287,unmkyxtt,other
1288,unmwiet,other
1289,unokivxy,department
1290,unxkz,other
1291,uohan,course
1292,uonjb,course
1293,uoqfwcge,other
1294,uphoqmv,other
1295,upvdcil,other
1296,upzieony,course
1297,upzow,student
1298,uqrfyv,other
1299,uqvegan,other
1300,urauv,other
1301,uraxyoec,student
1302,urgmrkp,other
1303,urhjkm,faculty
1304,urjbt,other
1305,urmpyj,course
1306,urpxexkq,faculty
1307,urwojpfi,other
1308,usnst,other
1309,usodu,other
1310,utcniycx,department
1311,utste,other
1312,utthj,student
1313,utvxb,other
1314,uudvxh,other
1315,uuouaarr,other
1316,uupkms,other
1317,uuvni,other
1318,uuyzux,course
1319,uuzjjep,student
1320,uvdoelf,other
1321,uvqtpm,other
1322,uvtdgfti,other
1323,uwnkyw,department
1324,uxdouy,course
1325,uxhlojgi,other
1326,uymslh,other
1327,uypqg,other
1328,uzmbjytx,student
1329,vamvo,other
1330,vbefiwn,other
1331,vbpiud,faculty
1332,vbvejg,other
1333,vbyxl,faculty
1334,vceoh,other
1335,vcghxedd,other
1336,vdxpzkfl,other
1337,veacz,other
1338,vejoina,other
1339,vetejigi,student
1340,vgdjl,other
1341,vgflj,course
1342,vgghodxn,department
1343,vgkqf,other
1344,vgyes,other
1345,viduze,course
1346,vircjd,faculty
1347,vivfatjo,other
1348,vjaghhtu,other
1349,vjejypo,other
1350,vkpfv,other
1351,vkyun,other
1352,vlpbgmh,other
1353,vmaagp,course
1354,vmeusmjs,other
1355,vmtkvyq,other
1356,vnibwn,other
1357,voaecend,course
1358,vofqtp,other
1359,vofxu,other
1360,vougrt,other
1361,vpasle,other
1362,vpiwso,other
1363,vplyymbb,other
1364,vptlgja,other
1365,vpxuxe,other
1366,vpzsxsde,course
1367,vqcvew,other
1368,vqshies,faculty
1369,vrnec,other
1370,vrpbzut,other
1371,vryhvzg,faculty
1372,vsscij,other
1373,vsvgi,project
1374,vszfsxc,other
1375,vtcrtk,project
1376,vteob,other
1377,vtgaqhef,other
1378,vtpjku,student
1379,vucvfbo,other
1380,vukas,other
1381,vukoi,other
1382,vukvkftf,course
1383,vvnujx,other
1384,vvpwfqpw,course
1385,vvtckzz,student
1386,vvvty,project
1387,vvzcwkr,other
1388,vwdpdg,department
1389,vwpazsc,other
1390,vwuwqyt,student
1391,vxwschv,student
1392,vxydxvhn,faculty
1393,vydaya,other
1394,vyiacx,faculty
1395,vyxyw,other
1396,wagnh,course
1397,waktj,department
1398,wayudf,department
1399,wbiyyafc,faculty
1400,wbqkmk,student
1401,wbuul,student
1402,wbxnhayf,other
1403,wcgqxff,other
1404,wcjpbf,faculty
1405,wcwtzpny,faculty
1406,wdmhyym,course
1407,wdvxr,course
1408,wdyitfx,student
1409,werhnlmo,other
1410,weuyrc,other
1411,weyaq,other
1412,wezofmdj,other
1413,wfdvqju,other
1414,wfqwne,student
1415,whatoka,student
1416,whchrj,other
1417,whgcvmc,other
1418,winew,other
1419,wiozj,course
1420,wisos,other
1421,wjdnmh,other
1422,wjflwg,other
1423,wjikmk,student
1424,wjwnoa,course
1425,wkabbe,other
1426,wkbpmmx,other
1427,wkgyykz,other
1428,wkkwq,faculty
1429,wkqvj,course
1430,wlgmcu,faculty
1431,wlujat,other
1432,wmwvatnb,course
1433,wmzuqp,student
1434,wnkmdk,other
1435,woamr,course
1436,wognyts,other
1437,woiup,other
1438,wozlcqqe,course
1439,wozzc,other
1440,wponbx,other
1441,wpwkd,course
1442,wpzfjnwb,other
1443,wqftug,department
1444,wqnpthh,department
1445,wqrxuql,faculty
1446,wqydh,other
1447,wroia,student
1448,wrwgeb,faculty
1449,wrwst,other
1450,wsmcxjb,other
1451,wsrchup,other
1452,wtvjwt,student
1453,wuafx,other
1454,wuptba,other
1455,wupxmuix,other
1456,wuuif,other
1457,wuuosaed,other
1458,wvhluq,student
1459,wvjzvyvw,project
1460,wvmbv,faculty
1461,wvxmnt,other
1462,wwisnmd,other
1463,wwqvvjs,department
1464,wxbhjnn,other
1465,wxbhke,other
1466,wxlsfqdf,other
1467,wxpmg,faculty
1468,wxsty,student
1469,wzbokx,student
1470,wzbpymob,other
1471,wzime,other
1472,wzkfopvp,student
1473,wzmiky,student
1474,wzzsat,student
1475,xbazlov,student
1476,xbccwj,other
1477,xbczrmz,other
1478,xbodwpf,other
1479,xbywiofb,other
1480,xdwwn,student
1481,xdyech,other
1482,xefhoj,other
1483,xegyoao,other
1484,xehjwfv,course
1485,xehokcn,other
1486,xekcw,other
1487,xelszv,other
1488,xfaiss,course
1489,xfmweyy,other
1490,xfyqrgf,other
1491,xggyx,other
1492,xgtpxl,other
1493,xhekwdq,course
1494,xhfqxyg,other
1495,xhokpp,other
1496,xicjxs,course
1497,xigmw,student
1498,xisjhb,student
1499,xiwqo,student
1500,xiyialqk,other
1501,xjdbg,department
1502,xjlsnsah,other
1503,xjtobrx,other
1504,xkpxrf,student
1505,xlgkek,faculty
1506,xlhpgzu,other
1507,xlmkr,student
1508,xlobzd,course
1509,xmmhnp,student
1510,xmpmap,other
1511,xmrhqtqb,other
1512,xmuzdze,other
1513,xmvvel,other
1514,xnrqsl,faculty
1515,xnwfz,other
1516,xpajbs,other
1517,xpolx,other
1518,xquntnm,student
1519,xrceqcgi,other
1520,xtjou,student
1521,xtkmljpb,other
1522,xtlfyrqe,other
1523,xtnlnc,faculty
1524,xuime,faculty
1525,xuoppkn,other
1526,xvcldiw,other
1527,xvesdne,student
1528,xvlikyt,student
1529,xvzmwpsh,other
1530,xwdvabs,faculty
1531,xwgndfxh,other
1532,xxnbrcs,student
1533,xxyuea,student
1534,xyiafjk,course
1535,xyksfzpt,other
1536,xyqlp,other
1537,xyqyyd,faculty
1538,xyufofwi,other
1539,xzgww,other
1540,yadbhst,student
1541,yajcfiu,student
1542,yapkjnvk,other
1543,yawspc,faculty
1544,ybbbche,other
1545,ybcvkiqf,other
1546,ybmlhz,other
1547,ybppz,faculty
1548,yckusfqv,student
1549,ycvkbx,other
1550,ydbfhql,student
1551,ydkxsvar,other
1552,yfowe,faculty
1553,yftemp,faculty
1554,yfygyu,department
1555,yghie,student
1556,ygjolah,course
1557,ygqsjtxz,student
1558,ygrgy,other
1559,ygycaic,student
1560,yhcpzrfo,other
1561,yhwmjuo,other
1562,yiltpbly,faculty
1563,yimpq,other
1564,yiohudke,other
1565,yjdwr,other
1566,yjmvoa,other
1567,yjmwkn,other
1568,yjrtz,faculty
1569,yjtubjn,other
1570,yloilxu,other
1571,ylvqmlp,course
1572,ylwraohb,student
1573,ymako,other
1574,ymkwkcd,other
1575,ympfium,department
1576,ynikxrtr,project
1577,ynozhbm,course
1578,yolbla,other
1579,yoqrlnzf,other
1580,ypksxut,other
1581,ypmwe,other
1582,ypudwfvf,other
1583,ypwwzekj,other
1584,ypxfdn,other
1585,yqium,faculty
1586,yrjhu,other
1587,yruomuus,other
1588,ysfrk,student
1589,ythxhd,faculty
1590,ytpju,other
1591,ytvco,student
1592,yucra,other
1593,yujiusv,faculty
1594,yvdelq,other
1595,yvxpvlc,faculty
1596,ywosgix,course
1597,ywpbst,other
1598,ywrzvbyr,course
1599,yxmkc,faculty
1600,yxzgihv,other
1601,yywthxme,other
1602,yzpjgv,student
1603,yzqamu,course
1604,yzqkk,student
1605,yzvdbvgg,other
1606,zabhnt,other
1607,zcjqp,student
1608,zcprw,other
1609,zcwlvejw,course
1610,zcywupd,other
1611,zdepjjwh,course
1612,zemgq,student
1613,zfehbu,course
1614,zfmgxz,student
1615,zfmpy,other
1616,zgrtpsri,faculty
1617,zgrzpiay,other
1618,zgwwfvlq,other
1619,zhncldpt,faculty
1620,zhwcpf,project
1621,zibqmi,other
1622,zilams,course
1623,ziuunycb,project
1624,ziuzwl,other
1625,zjggyij,other
1626,zkivua,other
1627,zkrcw,project
1628,zkwhp,student
1629,zlshvea,other
1630,zlsqsds,student
1631,zlvjh,other
1632,zndgv,other
1633,znnex,student
1634,zobjoz,student
1635,zodhxn,other
1636,zonegssw,faculty
1637,zoukpqm,other
1638,zpeuuxw,student
1639,zqaau,department
1640,zqaipj,course
1641,zrnggdny,other
1642,zsakwfvj,other
1643,zsbkhic,other
1644,zsylru,other
1645,ztmcj,course
1646,ztoydtcl,student
1647,ztrfkwki,other
1648,zudeebif,student
1649,zupzrry,other
1650,zvrysckq,other
1651,zwcgsbo,student
1652,zxcehieq,other
1653,zxexuw,faculty
1654,zxmmn,other
1655,zxwkru,other
1656,zybimtt,other
1657,zypnixf,student
1658,zzszho,student
