id,label
aaclkul,student
aagelci,project
aangjmn,other
aawnpc,other
abdjgiz,student
abeith,other
acbplmv,faculty
aceolgzx,other
aeohgccl,other
afdtazl,other
ahomx,faculty
aigkvvw,student
aiiuj,course
aimch,staff
aiqltd,faculty
aishkqu,project
aixqtudn,other
aizdnscx,other
ajgfhfc,other
ajjwszik,faculty
akbfdvs,student
aktnyrw,student
alfaog,course
aljsfwq,faculty
alrywqkr,project
altuxox,staff
altxhm,other
amowrsh,other
ampuskyi,project
amvukjdd,other
amwcmt,other
amzuns,project
anjxcrs,faculty
anpusdof,course
apakwv,other
apcgc,faculty
apkhal,student
aplafmip,faculty
apmwy,other
apnbs,faculty
appjcc,other
aqhzllis,faculty
aqsrcsy,department
arwvjftm,staff
arzeerl,student
asani,course
asjtpgrs,faculty
aslkxlcr,staff
asmucefp,other
aspksukx,faculty
aspnkeit,other
audtaxh,other
augeudkf,course
augwaud,other
aunqt,course
avemi,student
awioiejc,faculty
awlal,student
axgkxmj,project
axphpch,project
aykqf,other
ayteap,faculty
azndzp,other
bbgkx,other
bcsrsbug,student
bdcydd,student
bdptkaio,student
bdwiu,other
begqls,project
beoczxhp,other
beoyl,project
beveykcq,other
bfiznf,other
bghlh,other
bgnisk,student
bgudhc,other
bgxblaq,student
bhjnxfeq,student
bhkvqidu,course
bhlwohi,student
bhptsyjz,student
bhuwf,other
bhzijblm,other
biaio,student
bilwr,other
bjjitsgt,course
bjwiuevz,other
bjzfnftw,project
blobw,course
bmmzflr,project
bnbsv,student
boarhn,other
bodmvxdf,student
bofjb,project
bondtsrh,other
bovyrx,student
bpblgwar,course
bphhvc,project
bpjzrlxy,student
bpxla,project
bqbvlmis,other
bqcuk,project
bqfbagmb,other
brhotofi,faculty
brmtqcj,other
brorn,project
browzov,course
brwup,student
brzpgboe,other
bsjgc,other
bsjsuzw,other
bslps,other
btpdso,faculty
btrlegkg,project
bttjq,other
bulvw,student
bumcmpt,student
bvabh,other
bvkkhgyo,faculty
bvnniatg,other
bvtwusw,project
bvvko,course
bwjjh,staff
bwvavr,faculty
bxwnlyu,other
bxxlthi,faculty
bypmk,other
byyxifzz,student
bzavavce,other
bzbyv,project
bzthieu,department
caaelf,faculty
caecfi,other
caeck,student
caogdi,course
cbdxh,staff
cbuuznl,project
ccbje,project
cddmp,other
cdhwa,other
cdruyo,student
cehogf,faculty
cenlf,student
cfcynn,faculty
cfsvmoen,other
cftid,other
cfwzqt,other
cgjuowc,faculty
charmfhj,faculty
chwusgl,faculty
cifmtm,faculty
cifyk,student
cioumfyi,other
ciuipt,staff
ciwmb,project
cjnrzzmk,course
cjnxondy,other
ckemt,student
cketrvj,other
ckhzgl,project
clcydbp,student
clkaoj,course
clpyjrid,other
clsxoodd,faculty
cnhjk,project
cnlce,faculty
coomnevj,student
cotsv,other
cqksepwt,other
cqqqjx,faculty
cqtek,course
cqyvoud,other
cqzxj,other
crbexe,other
crusceee,other
ctfljg,faculty
ctshqqfo,other
cvxtmt,project
cwlxvwh,course
cxdpjw,student
cxjmjdh,faculty
cxvkh,faculty
czkze,faculty
czvftspe,other
czwglks,other
dbtooseb,project
dcbnebw,faculty
dcidctu,other
dclyjjg,other
ddgreszb,student
ddlpfjed,student
ddsnlb,faculty
ddurpci,faculty
ddwoml,other
debuzvc,other
deopslyp,student
deqwxxpt,other
devpg,other
dfuhpn,other
dfvnobj,staff
dfzdiiy,faculty
dgppgjr,project
dhrezf,student
dhtdvz,other
digdken,other
djqfg,student
djrcms,student
dkgpnac,other
dkzacj,student
dmdjwh,other
dmiti,faculty
dmxjlh,faculty
doihof,other
dqhfisnj,other
dqxgzzq,student
dsnfmpl,department
dsvfsknw,other
duevfegy,project
duewkd,course
duhyq,project
dupih,other
dupnrc,other
duztbzxs,other
dvtry,faculty
dwsrmkmd,course
dxratuv,department
dxwljzj,project
dykbpos,project
dyruktbc,other
dyzbzmd,student
eanugl,other
eapzf,other
ecpfwumt,course
eechlt,other
eenhsx,other
eeqnxdb,project
eezqfeb,faculty
efkum,other
egjrrq,student
egqhoaq,faculty
eicecdq,faculty
eicifodp,course
eihif,other
eisomf,project
ejdmt,other
ejygdjl,student
ekauzlfp,staff
eksgz,other
ekwtr,other
elbnnrs,course
elgcpgx,other
elsgfepj,project
emjhblgl,other
empwxl,project
emtufqje,course
enikcsv,other
eoohbumy,other
epftt,other
eplubxxs,other
eporowdg,other
epuimb,student
epxzvm,faculty
erxspdd,other
eshbrq,other
esjxb,faculty
espxbh,project
estbkk,course
esxrrht,student
etibjjjs,student
eudatvy,other
evegw,faculty
evwphope,project
ewlew,other
ewnonvxy,other
ewsktq,faculty
ewwcso,faculty
exatc,student
excvdwzh,course
exiitk,other
eyaswbjz,student
eygbw,faculty
eyjdhqq,other
eysee,project
eytliaib,student
eyvafkd,student
eyxtv,faculty
ezpaic,other
fajpkgj,student
faprw,other
faqoft,other
fbcvban,student
fbzij,other
fcpcxixw,department
fcwjgf,project
fczhavit,other
fdxcbwrj,other
feavav,project
feeuawp,course
fekdcta,project
ffcrqo,course
ffczrnz,faculty
ffqtge,project
ffrkhfcp,other
fgnuh,department
fhalcyxq,faculty
fhayg,faculty
fhszf,other
fhwlo,student
fimnwyjw,other
fizgc,other
fjxpjfez,student
fksba,project
fkvuit,course
flectkq,other
flgtpxn,faculty
fmahjld,other
fmjcrj,other
fmmiki,project
fmqwylsg,student
fndgjmzm,other
fnqkojm,course
fnsurvey,department
fppga,other
fpwuad,student
fqealu,other
fqkyhcel,project
fqnaj,student
fromyknh,project
fsjvm,other
ftipfpcv,other
fudhjb,student
fugmzdml,other
fuvxncl,other
fuxozggi,other
fvcnksd,project
fvgngpl,student
fvuyfjv,faculty
fwzhcxrx,other
fxabo,other
fxqhlu,other
fygug,project
fzgowhq,other
fzuwzk,student
fzyjwl,other
gaqepyeo,department
gazyznk,faculty
gbmsh,student
gbumd,student
gbvqwbe,student
gbzlhhl,other
gciirlh,other
gdgvwifk,other
gdpex,faculty
gduwb,student
gdxmso,student
gedcirqa,other
geiruvj,faculty
gevdzsvt,other
gfpmjx,faculty
gfvefxbu,course
gfwdbf,other
gfyrwma,other
ggozukjr,other
ghxnl,staff
gieoqvia,course
gjhhavd,other
gjpcxt,other
gjtxqp,project
gjuhqzdv,other
gkdnf,project
gkhact,student
gkqtn,course
gkvqoukw,other
gnaju,other
gnothl,other
gnrotudd,project
gnzbtght,other
gotjzb,project
gowqht,course
goxgfr,student
gqgtsy,other
grddrzm,other
gtbdebp,course
gtchjnzw,faculty
gtdarzt,other
gtdctoah,other
gtgxgzcn,student
gtjdqq,student
gtwhcjns,other
gtxqws,other
gurvox,project
gwnono,faculty
gwojb,faculty
gwtwpgzd,course
gwytgt,student
gxabdahe,department
gxdcpwo,faculty
gxqadkgw,other
gyldrugw,faculty
gyutr,project
gzcicjd,faculty
gzomtedw,other
gzzdke,faculty
hafjoyi,other
haifof,student
hbobpex,project
hbregcw,student
hchoacu,faculty
hcxyp,course
hczmwigz,other
heaeeg,faculty
heatdq,student
heiozqq,other
hezwgs,other
hfdchvs,project
hfpivpuu,student
hgjwxb,student
hgmehmo,other
hhabfel,faculty
hhdjgk,faculty
hhdrss,other
hhsnp,other
higwe,other
hkdkgy,other
hlsypm,other
hltxkki,other
hmavwgj,student
hmdjklt,other
hmidet,staff
hmrwjp,project
hngmr,other
hnweal,other
hoqua,other
hovra,student
hpsaouip,other
hpweca,project
hpzoxitc,project
hqrwpbt,other
hquvdf,faculty
hrojordm,staff
hrshysyc,faculty
hskgpx,faculty
hszvzt,other
htbdkait,other
htqac,student
huovxti,project
hurpsrje,faculty
huumx,faculty
hvmsfmtn,faculty
hvstwh,other
hwxdzumg,course
hxkeks,other
hxncig,faculty
hyakvwkw,other
hyutx,student
iasqknq,student
iavwjn,student
iawcg,project
ibnqs,other
ibxwya,student
icptqhh,other
iczwhz,student
idjfvfvk,course
ifclx,faculty
ifhyt,student
ifttvly,faculty
igamsti,course
igfttdjo,project
igswa,course
ihrpmc,other
ihsbfi,project
iirmwgfq,project
iitwjneu,faculty
iivlvl,other
ijkhegq,faculty
ijoyru,other
ijsqaud,other
ikgbbfg,other
iklphm,other
ilktf,student
iloxxj,course
imdrjq,course
imltuesr,other
immpx,other
inlsldab,other
ioabqtxs,other
ioxoxekd,other
iplufn,course
iprfwqc,faculty
iqbqv,other
iqeigph,other
irhvgjs,faculty
irhvprt,student
irjhn,other
irrdkkbn,other
iryynwmk,other
isxcfiva,student
iszou,student
itlkmcny,other
itmbdhy,student
itozobft,other
iuxnok,other
iuxtwgjz,student
iwron,faculty
iwsxp,other
iwwwqw,faculty
iwywhmi,faculty
ixfhz,other
ixfqx,project
ixoubp,other
ixslka,project
iyemmjpt,faculty
iyfsi,other
iypszquv,other
iyykc,course
izhzil,faculty
izktf,other
iztxnf,other
jbarxv,faculty
jcalgzyq,staff
jcmkz,other
jctytnm,faculty
jdjamsls,student
jdnph,staff
jdnrfqx,faculty
jdscdzrq,student
jdwxv,other
jewrlbk,other
jfdjl,student
jffly,other
jfiubhz,faculty
jfpfze,faculty
jfqpd,student
jfwjlbtk,course
jgzrtkhc,other
jhptp,project
jieeefx,faculty
jjdohqq,course
jjomjmu,other
jjtlz,other
jjvpn,faculty
jklzmg,other
jlecz,project
jlkbszx,department
jlrqqriz,other
jmbmykpe,other
jmcmoudq,student
jmiqllv,other
jnlam,student
jnvplm,student
jptfm,other
jpxvffy,other
jqbbor,staff
jqbuixz,student
jqeqv,other
jqfuqu,other
jrkacjdp,other
jrpbytj,project
jryqezxd,faculty
jspgm,other
jswcx,course
jsybmuwh,student
jsyjyssc,course
jtahlq,other
jtcqmpo,project
jubzucis,other
juealsvj,other
junlpo,student
juwhwbv,project
juwmtndc,other
jvhhaxpn,course
jvnyyk,project
jwawqn,student
jwfzxxg,other
jwkygjy,faculty
jxbmfg,other
jxiite,other
jxjpziw,other
jxpqg,student
jxqpwlw,faculty
jyeyszb,faculty
jyffkgyk,other
jymnj,course
jzifdoy,student
jzjei,other
jzoegbn,student
jzoyf,department
kaqaica,faculty
karbsg,faculty
kbjsadwd,other
kbsxru,course
kbwcx,other
kcjaz,other
kcldhpcj,other
kcogomz,other
kdscbeoa,student
kegru,student
kejiyfi,other
kesfngwd,faculty
kfbgivtc,project
kgaxenm,student
kgmxep,other
kgtrkmsz,faculty
khcaied,project
khtaydx,faculty
kiqge,faculty
kjfoazza,student
kjjbbt,other
kjnmoil,other
kjsyzoav,faculty
klpyg,other
kltqcs,other
klysfu,other
klzplzo,course
kmrpuzwi,other
knvdg,project
kobkw,student
kofrfx,other
kqghrpia,other
kqohtbk,other
kqqjul,project
krdwlm,project
krjly,other
ksbke,course
ksglvhbn,faculty
kskwfq,course
kspcm,course
ksuan,other
ktjhyivf,project
ktmvcnv,student
kubbcel,faculty
kucnbni,faculty
kuecr,other
kulinjxp,other
kuwjxt,other
kvals,other
kvtlipjh,course
kvxrm,course
kwmbjag,other
kxbknr,faculty
kxckdvl,faculty
kxkilvn,project
kxwsy,student
kydoocvs,course
kypnmal,faculty
kyughy,other
kzgrf,project
kzhkaelo,student
kztyatd,other
kzvrrq,other
laazymrn,student
lafkhdc,course
lalle,project
lawengc,course
lawhfzt,student
lbbfjhf,student
lbiaen,project
lbokfzil,other
lclvhfy,other
lcnosc,student
lcuod,other
ldwcriio,other
ldwnvwx,other
ldwvc,course
lexfksko,student
lftxjvs,other
lfukf,other
lfuutmdo,student
lfzwtjn,department
lgzaacv,project
lgztt,faculty
lhecwea,other
lhmqz,course
lhyku,other
livhw,course
livtdd,other
ljqcj,other
ljylnd,course
lkhsef,faculty
lknwvokt,faculty
lkyjhgjr,other
llsokyh,staff
lmobyly,department
lndjiibk,faculty
lnezhnb,department
lnjznbyx,student
lnstrg,project
lobyn,course
loflw,course
lohsn,course
lomurthi,project
lpqqysth,faculty
lptrnbd,student
lpzykg,other
lqomt,faculty
lquduym,other
lsfqtx,project
lsmbvcgc,other
lswtmup,faculty
ltwcnxe,other
ltxmyss,other
lvaetsrg,other
lvqkyij,other
lwhudcyk,faculty
lwvwd,other
lwzgs,other
lxgov,student
lxhpien,course
lxmezm,student
lxnadu,student
lxqvv,faculty
lxvgk,course
lxzsc,other
lyjtcwqm,other
lynsj,faculty
lzooyy,faculty
lzqgc,faculty
lzqquih,project
lzybo,project
mabprrc,faculty
macgmms,project
macjz,student
maktwrg,course
mbfpm,project
mbyfebju,faculty
mcfjym,project
mdfbugu,student
mdqybvdc,other
meqmm,project
metwifo,other
mfdsqlg,student
mfkaijyg,other
mfowj,other
mfpqw,student
mfryd,faculty
mgapfvg,project
mgaymm,other
mgqqsxli,course
mgvpscd,project
mhxvauhj,student
mlylezz,other
mmigvvwa,student
mmizx,project
mmlrd,faculty
mmtvoq,student
mmuuo,course
mnjwv,course
mnrzhw,other
moesglp,project
moksh,other
mpejiarb,faculty
mpgisgc,course
mphlxz,project
mqfmt,course
mqfpyvdb,other
mqncr,faculty
mqxwc,other
mrqhsday,other
msvrcfr,course
mtsglnze,student
mtzuqdqc,student
mudeyg,project
muncc,faculty
muuzsqc,other
muxhh,faculty
mvhtl,department
mvjyf,other
mvlaq,student
mvxmadyv,other
mvzdvi,other
mwejx,other
mxcxhcl,other
mxrcuqy,course
myipwh,other
myzizsmt,other
mzajvh,other
mzguliw,faculty
mziqqxrl,student
nbvsh,student
ncnaj,student
ncnwm,other
nefxpthf,student
nfdrma,course
nfixgpu,faculty
nfntx,other
ngiwn,course
nhumd,other
niiskl,other
niizdbw,student
nimbgu,student
nizpnfpt,student
njcit,student
njesic,course
nksrwz,course
nkury,course
nkxxa,student
nlxxo,student
nlzggd,project
nmhpr,student
nnccrkk,student
nodjvh,student
nqhxy,project
nqnor,other
nrkvfmyh,other
nrqtkx,student
nsigmjh,other
nsixfrwy,student
ntrfeys,other
nttawca,faculty
nugwhj,other
nummeoic,student
nutlkn,student
nuurfy,student
nvmngy,other
nvyekh,department
nwjkcjbp,project
nwqios,student
nwsqesmo,project
nyqbs,other
nzoti,faculty
oaabx,other
oarjpfa,other
oatzro,department
obdwbbir,faculty
obkxqf,faculty
oceonvf,other
ocpni,course
odgedcwl,department
odngwf,student
oecphzmr,course
oehiy,faculty
ofewooh,other
ofkcidqa,student
ogkbg,other
ogtvbzty,other
ohvniioj,student
oikri,project
ojpivf,department
ojwsr,faculty
okiin,student
okjyrnjo,faculty
okpobjnf,staff
oktyq,department
olbqqcm,project
olyhatok,student
omfea,course
omvawb,other
ondlxia,department
oneaef,faculty
onxtxl,other
ooipyor,student
oosiq,student
ootxjgh,project
oouybbn,student
oovhs,student
opklki,other
opxnfsb,faculty
orhfuocp,other
orjro,other
ortvnlou,other
oruixd,other
otajs,faculty
otbmgnv,student
oujqzhsy,other
oumtq,other
ouyuwu,course
ovfkp,staff
ovtoilww,other
ovzunke,other
owlrody,student
owscy,department
owvpwso,other
oxaepx,other
oxvcgj,other
oyfvhply,other
oyknedm,other
oyuuo,project
oyvbwwkp,faculty
paorb,student
pbawnp,project
pbgmp,student
pbkzt,other
pbmbnsmg,other
pcfxm,project
pcjsleru,project
pcniublf,faculty
pcunh,other
pdkbg,faculty
pdmah,faculty
pdmpmk,other
pdqqm,other
pdwmhrga,course
pejbfu,other
pfhqfrd,course
pfuoqee,faculty
pfwwd,faculty
pgtdgqa,project
pgtrzghe,student
phbez,course
phdommor,faculty
phiccyjo,project
phidq,course
piepnnef,other
pieuuqju,faculty
pinguqo,faculty
pisti,student
pizzvke,project
pjnrhtd,department
pjnwjfgw,student
pjxvuupt,course
pkbni,student
pkvviu,other
pkxxb,other
plbcxaf,other
plcks,faculty
plddbm,other
plkwghja,other
plnsnh,other
plrzpl,faculty
plwcqfga,other
pmmpv,course
pmneprn,other
pmtwul,course
pnblr,student
pnurvmuj,project
pobhzrg,faculty
pohzzvig,project
pomrzubt,other
ponim,project
ponpbpet,faculty
pottb,course
povhh,student
ppewcgla,student
pqowg,other
prhhoulq,other
prlhb,course
psenda,other
psenoob,project
pspktcof,student
psrjytzy,other
psvlaxwd,project
psvry,other
ptfmkkg,other
purnf,department
pvyjdfvh,course
pwrwosjh,course
pxcwhekn,course
pxkrm,other
pyepcme,other
pyiphyg,staff
pytglao,other
pyywwcr,course
pzaevn,staff
pzfsl,project
pzidtqlv,other
pznqy,other
qajnzy,other
qapnjtpf,department
qbbtusu,other
qbhrsv,faculty
qbqrkpx,project
qcaet,faculty
qcaljay,faculty
qdhikrl,faculty
qetmh,faculty
qetpato,course
qexjy,project
qfphl,department
qfxbal,student
qfyyq,student
qfzzfcr,course
qgxpftrc,other
qgzfwk,faculty
qhaov,project
qhfvar,student
qhjnp,course
qiovk,project
qiswj,other
qjaaazpc,student
qjimegkq,student
qjjlm,faculty
qjpdfr,other
qkhtsm,other
qkqvjt,faculty
qmbrbf,other
qmosutu,other
qnoufgn,student
qnsjufb,other
qobxesvq,other
qolyb,course
qovhvrh,other
qqfdj,staff
qqpjjl,project
qqvkpysh,other
qqxkdezo,student
qraso,student
qraxhjys,faculty
qrbuxab,student
qripfz,faculty
qruaqyip,student
qrvoln,other
qtdrqcai,course
qtfpnpr,student
qtishmb,faculty
qtwwz,student
quatg,course
quptkflk,other
quyjp,course
qvgvh,project
qvkigj,other
qvxwlws,other
qwhqbqtr,other
qxdrhk,student
qxltpmh,faculty
qxuwjkk,student
qxxqr,project
qxyitrll,other
qygqm,course
qysqqr,faculty
qzajgt,other
qzmjh,faculty
qzpupxt,other
rayfcgh,faculty
rbsvykbl,project
rbylaaw,student
rbzxmg,other
rcdphl,other
rcxfcogj,faculty
rcyogl,course
rdhezzsl,student
rdnmnzrc,other
rdovq,other
rdqpjqlx,project
redifgfj,other
reraeopq,other
reukyfwa,student
rfdzm,other
rfiabezw,faculty
rfnxfuk,project
rhrilmb,department
rhsep,faculty
riagwy,other
rieafyrm,course
rioljwtj,other
rixsxfif,faculty
rjbqqdw,other
rjhmytnw,other
rjkqlkz,other
rjqcds,faculty
rjukv,student
rkatx,student
rkmxdpsz,student
rkokgno,other
rlnave,other
rlnxbkvn,other
rlspsv,other
rlyhuzi,other
rmdyewrl,other
rmwiu,course
rmxyhbk,course
rngiu,other
rnhzudzg,student
rnosomvv,student
rntfgee,other
roisjft,project
rosxu,student
rowjm,faculty
rpidkd,faculty
rpukwtef,other
rpwonk,course
rqabbch,course
rqbxxl,course
rqdpssq,staff
rqocwhxu,other
rrgpppop,faculty
rseuer,staff
rsfebueu,faculty
rszjd,other
rtdgpvlc,faculty
rtdhifk,course
rtdiyzd,other
rteuy,staff
rthigud,student
rujnpfdv,student
rusorxq,other
ruxgzeax,course
rvgdymog,other
rvjpodb,other
rvwffq,course
rwmiz,student
rwrko,course
rxnjvgzd,student
rxzeli,course
rymqfqdn,other
ryqcne,other
ryvjcfnj,other
ryvuha,department
ryxpilnj,other
ryzxu,other
samhkjzj,project
saqelsg,other
sbdvyks,other
sbswsnik,student
sbzkac,other
sbzthj,other
scbezdx,other
scfijbu,other
scldtmm,other
scoqtrpn,student
sdaedo,faculty
sdwkztnc,project
sdyiaw,student
secpx,other
setevnrs,course
sffqp,other
sfnmxx,course
sgrcqh,other
shabqkpo,staff
shgrrxm,faculty
shlql,student
shorc,course
shvuuls,student
sijitbd,faculty
sikxp,faculty
silpo,other
simnaiid,other
sivqknlq,project
skcbez,faculty
skjbikqn,student
skzzyz,other
sliutrq,other
sluybuce,course
smffe,other
smhwljcv,course
smismv,course
smjotpto,course
smkcife,faculty
smqmlfgn,other
smqsgj,other
smtqfu,other
smydraa,faculty
sndtbf,other
snkofs,staff
snldrfht,project
snwpmu,other
sokrdvej,student
sorah,project
sphiqtdr,other
sphpwnwi,department
spksfaj,student
spvpn,faculty
sqbpijj,other
sqhos,other
sqwjskg,other
srfft,course
srjxwuc,course
srkhiapm,course
srtmzx,other
srylfnmn,other
stfmt,other
stfrgd,course
sttad,other
sulavwtn,other
suqfqzt,project
swccy,project
swgied,faculty
swsuue,faculty
swyppqy,other
sxdmgx,other
sxfkrscz,course
sxghcaoe,other
sxzju,faculty
syphpwi,other
syryuiq,other
syxty,project
syzkp,project
szclqg,project
szeuxgw,faculty
szlmwq,project
szvzt,other
szzsbzp,other
takejb,other
tbcbekmq,other
tbhhyctl,project
tbkoiw,other
tbugr,other
tbztbzu,student
tciwtsu,student
tclbku,faculty
tclywy,other
tcpjsr,other
teyskot,project
tfggglf,other
tfghbb,other
tgiyn,course
thjpmdp,project
thpiz,student
thxcjaib,other
tibnwoka,project
tibssnu,other
ticjdcr,faculty
ticyp,student
tidvz,other
titkmd,other
tjcyiuy,other
tjvzkyq,faculty
tjxmtdv,other
tkkhe,student
tkqvsduv,faculty
tmucvdi,staff
tmvwxf,other
tnfeezvd,project
tnjlwzwb,student
tnuwsmd,other
tomluz,project
tooal,other
tpdcgxy,other
tpedb,faculty
tqelvzrz,department
tqftv,staff
tqofkoq,other
tqperqh,other
tqqlff,course
trwuo,faculty
tryacy,course
tsceov,student
tslgebal,faculty
tspdree,project
tssjsw,student
ttain,other
ttjwn,student
ttlztms,course
ttqpaslw,course
tvcksd,project
tvkyfq,student
tvmqpm,other
twfqhbrg,faculty
twqjlu,other
twzqsn,faculty
txetad,course
txnig,student
txyyqtyg,department
tyflylsk,student
tzabfv,project
tzkasqnn,student
tzloz,project
tznjyo,other
tzzky,other
tzznkxf,other
uaalnyoj,course
uapyjabq,faculty
uaupqkjg,course
uazvhld,other
ubpfdjg,student
ucomfn,other
ucqabpbo,other
udfqv,student
udghn,other
udjcy,project
ueaelqhp,other
uecth,faculty
uefdjout,faculty
uehan,other
uerqckoj,student
ufsug,course
uftkkja,project
ugcynhdy,other
ughlzdd,other
ugyrbjsh,other
uhakc,faculty
uhbbh,other
uhuwvfkk,student
uicnn,other
uihixqum,other
uiidp,student
ujnnvh,student
ukgoagzq,other
uktep,course
ulfyinpd,other
ulmioz,department
umaqs,other
umfmofv,student
umhdmc,staff
umqzp,faculty
unbawwp,staff
uncjwyyp,student
uneyzw,course
unmkyxtt,other
unmwiet,other
unokivxy,student
unxkz,other
uohan,course
uonjb,course
uoqfwcge,faculty
uphoqmv,other
upvdcil,student
upzieony,course
upzow,student
uqrfyv,other
uqvegan,course
urauv,other
uraxyoec,student
urgmrkp,other
urhjkm,faculty
urjbt,student
urmpyj,course
urpxexkq,faculty
urwojpfi,other
usnst,faculty
usodu,other
utcniycx,student
utste,other
utthj,student
utvxb,staff
uudvxh,project
uuouaarr,project
uupkms,other
uuvni,other
uuyzux,course
uuzjjep,other
uvdoelf,other
uvqtpm,student
uvtdgfti,staff
uwnkyw,department
uxdouy,course
uxhlojgi,student
uymslh,other
uypqg,faculty
uzmbjytx,other
vamvo,other
vbefiwn,other
vbpiud,faculty
vbvejg,student
vbyxl,project
vceoh,other
vcghxedd,student
vdxpzkfl,other
veacz,course
vejoina,other
vetejigi,student
vgdjl,other
vgflj,other
vgghodxn,department
vgkqf,student
vgyes,other
viduze,student
vircjd,faculty
vivfatjo,project
vjaghhtu,student
vjejypo,other
vkpfv,project
vkyun,student
vlpbgmh,student
vmaagp,course
vmeusmjs,student
vmtkvyq,student
vnibwn,other
voaecend,course
vofqtp,student
vofxu,faculty
vougrt,project
vpasle,other
vpiwso,other
vplyymbb,other
vptlgja,other
vpxuxe,student
vpzsxsde,other
vqcvew,other
vqshies,faculty
vrnec,student
vrpbzut,other
vryhvzg,staff
vsscij,faculty
vsvgi,project
vszfsxc,other
vtcrtk,project
vteob,other
vtgaqhef,student
vtpjku,faculty
vucvfbo,project
vukas,other
vukoi,project
vukvkftf,other
vvnujx,project
vvpwfqpw,course
vvtckzz,student
vvvty,other
vvzcwkr,course
vwdpdg,faculty
vwpazsc,other
vwuwqyt,student
vxwschv,other
vxydxvhn,faculty
vydaya,student
vyiacx,other
vyxyw,other
wagnh,course
waktj,department
wayudf,department
wbiyyafc,faculty
wbqkmk,faculty
wbuul,student
wbxnhayf,project
wcgqxff,project
wcjpbf,project
wcwtzpny,project
wdmhyym,course
wdvxr,course
wdyitfx,student
werhnlmo,other
weuyrc,other
weyaq,other
wezofmdj,faculty
wfdvqju,project
wfqwne,student
whatoka,faculty
whchrj,student
whgcvmc,other
winew,other
wiozj,course
wisos,other
wjdnmh,student
wjflwg,other
wjikmk,student
wjwnoa,course
wkabbe,faculty
wkbpmmx,staff
wkgyykz,other
wkkwq,project
wkqvj,course
wlgmcu,faculty
wlujat,other
wmwvatnb,faculty
wmzuqp,project
wnkmdk,other
woamr,student
wognyts,other
woiup,other
wozlcqqe,course
wozzc,other
wponbx,other
wpwkd,course
wpzfjnwb,other
wqftug,department
wqnpthh,department
wqrxuql,project
wqydh,project
wroia,faculty
wrwgeb,other
wrwst,other
wsmcxjb,staff
wsrchup,project
wtvjwt,student
wuafx,other
wuptba,other
wupxmuix,other
wuuif,other
wuuosaed,student
wvhluq,student
wvjzvyvw,project
wvmbv,other
wvxmnt,other
wwisnmd,faculty
wwqvvjs,department
wxbhjnn,other
wxbhke,student
wxlsfqdf,course
wxpmg,faculty
wxsty,student
wzbokx,faculty
wzbpymob,faculty
wzime,other
wzkfopvp,student
wzmiky,student
wzzsat,student
xbazlov,student
xbccwj,faculty
xbczrmz,other
xbodwpf,other
xbywiofb,other
xdwwn,project
xdyech,project
xefhoj,student
xegyoao,student
xehjwfv,course
xehokcn,course
xekcw,other
xelszv,other
xfaiss,course
xfmweyy,other
xfyqrgf,other
xggyx,project
xgtpxl,faculty
xhekwdq,faculty
xhfqxyg,project
xhokpp,student
xicjxs,course
xigmw,faculty
xisjhb,student
xiwqo,student
xiyialqk,other
xjdbg,project
xjlsnsah,other
xjtobrx,other
xkpxrf,student
xlgkek,project
xlhpgzu,other
xlmkr,student
xlobzd,course
xmmhnp,student
xmpmap,other
xmrhqtqb,other
xmuzdze,other
xmvvel,other
xnrqsl,student
xnwfz,student
xpajbs,other
xpolx,course
xquntnm,department
xrceqcgi,course
xtjou,other
xtkmljpb,other
xtlfyrqe,other
xtnlnc,course
xuime,project
xuoppkn,other
xvcldiw,other
xvesdne,student
xvlikyt,faculty
xvzmwpsh,other
xwdvabs,faculty
xwgndfxh,project
xxnbrcs,student
xxyuea,student
xyiafjk,course
xyksfzpt,other
xyqlp,other
xyqyyd,faculty
xyufofwi,other
xzgww,other
yadbhst,student
yajcfiu,faculty
yapkjnvk,other
yawspc,faculty
ybbbche,other
ybcvkiqf,other
ybmlhz,student
ybppz,faculty
yckusfqv,student
ycvkbx,other
ydbfhql,course
ydkxsvar,project
yfowe,other
yftemp,department
yfygyu,faculty
yghie,student
ygjolah,course
ygqsjtxz,student
ygrgy,course
ygycaic,student
yhcpzrfo,project
yhwmjuo,other
yiltpbly,faculty
yimpq,project
yiohudke,other
yjdwr,project
yjmvoa,other
yjmwkn,project
yjrtz,other
yjtubjn,other
yloilxu,faculty
ylvqmlp,course
ylwraohb,staff
ymako,other
ymkwkcd,other
ympfium,other
ynikxrtr,project
ynozhbm,course
yolbla,other
yoqrlnzf,project
ypksxut,project
ypmwe,project
ypudwfvf,other
ypwwzekj,other
ypxfdn,student
yqium,faculty
yrjhu,faculty
yruomuus,other
ysfrk,student
ythxhd,faculty
ytpju,faculty
ytvco,student
yucra,other
yujiusv,faculty
yvdelq,staff
yvxpvlc,student
ywosgix,course
ywpbst,other
ywrzvbyr,student
yxmkc,faculty
yxzgihv,other
yywthxme,project
yzpjgv,faculty
yzqamu,faculty
yzqkk,student
yzvdbvgg,other
zabhnt,project
zcjqp,student
zcprw,student
zcwlvejw,course
zcywupd,project
zdepjjwh,project
zemgq,student
zfehbu,other
zfmgxz,faculty
zfmpy,other
zgrtpsri,faculty
zgrzpiay,other
zgwwfvlq,other
zhncldpt,faculty
zhwcpf,project
zibqmi,other
zilams,course
ziuunycb,project
ziuzwl,project
zjggyij,other
zkivua,project
zkrcw,faculty
zkwhp,student
zlshvea,other
zlsqsds,student
zlvjh,other
zndgv,faculty
znnex,project
zobjoz,faculty
zodhxn,other
zonegssw,course
zoukpqm,student
zpeuuxw,student
zqaau,department
zqaipj,other
zrnggdny,project
zsakwfvj,project
zsbkhic,other
zsylru,other
ztmcj,project
ztoydtcl,staff
ztrfkwki,student
zudeebif,other
zupzrry,project
zvrysckq,student
zwcgsbo,student
zxcehieq,other
zxexuw,faculty
zxmmn,other
zxwkru,other
zybimtt,other
zypnixf,project
zzszho,student
