,id,Predicted
0,aaclkul,other
1,aagelci,other
2,aangjmn,other
3,aawnpc,other
4,abdjgiz,other
5,abeith,other
6,acbplmv,other
7,aceolgzx,other
8,aeohgccl,other
9,afdtazl,other
10,ahomx,other
11,aigkvvw,other
12,aiiuj,course
13,aimch,other
14,aiqltd,other
15,aishkqu,other
16,aixqtudn,other
17,aizdnscx,other
18,ajgfhfc,other
19,ajjwszik,other
20,akbfdvs,other
21,aktnyrw,other
22,alfaog,other
23,aljsfwq,other
24,alrywqkr,other
25,altuxox,other
26,altxhm,other
27,amowrsh,other
28,ampuskyi,other
29,amvukjdd,other
30,amwcmt,other
31,amzuns,other
32,anjxcrs,other
33,anpusdof,course
34,apakwv,other
35,apcgc,other
36,apkhal,other
37,aplafmip,other
38,apmwy,other
39,apnbs,other
40,appjcc,other
41,aqhzllis,other
42,aqsrcsy,other
43,arwvjftm,other
44,arzeerl,other
45,asani,other
46,asjtpgrs,other
47,aslkxlcr,other
48,asmucefp,other
49,aspksukx,other
50,aspnkeit,other
51,audtaxh,other
52,augeudkf,other
53,augwaud,other
54,aunqt,other
55,avemi,other
56,awioiejc,other
57,awlal,other
58,axgkxmj,other
59,axphpch,other
60,aykqf,other
61,ayteap,other
62,azndzp,other
63,bbgkx,other
64,bcsrsbug,other
65,bdcydd,other
66,bdptkaio,other
67,bdwiu,other
68,begqls,other
69,beoczxhp,other
70,beoyl,other
71,beveykcq,other
72,bfiznf,other
73,bghlh,other
74,bgnisk,other
75,bgudhc,other
76,bgxblaq,other
77,bhjnxfeq,other
78,bhkvqidu,other
79,bhlwohi,other
80,bhptsyjz,other
81,bhuwf,other
82,bhzijblm,other
83,biaio,other
84,bilwr,other
85,bjjitsgt,other
86,bjwiuevz,other
87,bjzfnftw,other
88,blobw,other
89,bmmzflr,other
90,bnbsv,other
91,boarhn,other
92,bodmvxdf,other
93,bofjb,other
94,bondtsrh,other
95,bovyrx,other
96,bpblgwar,other
97,bphhvc,other
98,bpjzrlxy,other
99,bpxla,other
100,bqbvlmis,other
101,bqcuk,other
102,bqfbagmb,other
103,brhotofi,other
104,brmtqcj,other
105,brorn,other
106,browzov,other
107,brwup,other
108,brzpgboe,other
109,bsjgc,other
110,bsjsuzw,other
111,bslps,other
112,btpdso,other
113,btrlegkg,other
114,bttjq,other
115,bulvw,other
116,bumcmpt,other
117,bvabh,other
118,bvkkhgyo,other
119,bvnniatg,other
120,bvtwusw,other
121,bvvko,course
122,bwjjh,other
123,bwvavr,other
124,bxwnlyu,other
125,bxxlthi,other
126,bypmk,other
127,byyxifzz,other
128,bzavavce,other
129,bzbyv,other
130,bzthieu,other
131,caaelf,other
132,caecfi,other
133,caeck,other
134,caogdi,other
135,cbdxh,other
136,cbuuznl,other
137,ccbje,other
138,cddmp,other
139,cdhwa,other
140,cdruyo,other
141,cehogf,other
142,cenlf,other
143,cfcynn,other
144,cfsvmoen,other
145,cftid,other
146,cfwzqt,other
147,cgjuowc,other
148,charmfhj,other
149,chwusgl,other
150,cifmtm,other
151,cifyk,other
152,cioumfyi,other
153,ciuipt,other
154,ciwmb,other
155,cjnrzzmk,other
156,cjnxondy,other
157,ckemt,other
158,cketrvj,other
159,ckhzgl,other
160,clcydbp,other
161,clkaoj,other
162,clpyjrid,other
163,clsxoodd,other
164,cnhjk,other
165,cnlce,other
166,coomnevj,other
167,cotsv,other
168,cqksepwt,other
169,cqqqjx,other
170,cqtek,other
171,cqyvoud,other
172,cqzxj,other
173,crbexe,other
174,crusceee,other
175,ctfljg,other
176,ctshqqfo,other
177,cvxtmt,other
178,cwlxvwh,other
179,cxdpjw,other
180,cxjmjdh,other
181,cxvkh,other
182,czkze,other
183,czvftspe,other
184,czwglks,other
185,dbtooseb,other
186,dcbnebw,other
187,dcidctu,other
188,dclyjjg,other
189,ddgreszb,other
190,ddlpfjed,other
191,ddsnlb,other
192,ddurpci,other
193,ddwoml,other
194,debuzvc,other
195,deopslyp,other
196,deqwxxpt,other
197,devpg,other
198,dfuhpn,other
199,dfvnobj,other
200,dfzdiiy,other
201,dgppgjr,other
202,dhrezf,other
203,dhtdvz,other
204,digdken,other
205,djqfg,other
206,djrcms,other
207,dkgpnac,other
208,dkzacj,other
209,dmdjwh,other
210,dmiti,other
211,dmxjlh,other
212,doihof,other
213,dqhfisnj,other
214,dqxgzzq,other
215,dsnfmpl,other
216,dsvfsknw,other
217,duevfegy,other
218,duewkd,other
219,duhyq,other
220,dupih,other
221,dupnrc,other
222,duztbzxs,other
223,dvtry,other
224,dwsrmkmd,other
225,dxratuv,other
226,dxwljzj,other
227,dykbpos,other
228,dyruktbc,other
229,dyzbzmd,other
230,eanugl,other
231,eapzf,other
232,ecpfwumt,other
233,eechlt,other
234,eenhsx,other
235,eeqnxdb,other
236,eezqfeb,other
237,efkum,other
238,egjrrq,other
239,egqhoaq,other
240,eicecdq,other
241,eicifodp,course
242,eihif,other
243,eisomf,other
244,ejdmt,other
245,ejygdjl,other
246,ekauzlfp,other
247,eksgz,other
248,ekwtr,other
249,elbnnrs,other
250,elgcpgx,other
251,elsgfepj,other
252,emjhblgl,other
253,empwxl,other
254,emtufqje,other
255,enikcsv,other
256,eoohbumy,other
257,epftt,other
258,eplubxxs,other
259,eporowdg,other
260,epuimb,other
261,epxzvm,other
262,erxspdd,other
263,eshbrq,other
264,esjxb,other
265,espxbh,other
266,estbkk,other
267,esxrrht,other
268,etibjjjs,other
269,eudatvy,other
270,evegw,other
271,evwphope,other
272,ewlew,other
273,ewnonvxy,other
274,ewsktq,other
275,ewwcso,other
276,exatc,other
277,excvdwzh,other
278,exiitk,other
279,eyaswbjz,other
280,eygbw,other
281,eyjdhqq,other
282,eysee,other
283,eytliaib,other
284,eyvafkd,other
285,eyxtv,other
286,ezpaic,other
287,fajpkgj,other
288,faprw,other
289,faqoft,other
290,fbcvban,other
291,fbzij,other
292,fcpcxixw,other
293,fcwjgf,other
294,fczhavit,other
295,fdxcbwrj,other
296,feavav,other
297,feeuawp,other
298,fekdcta,other
299,ffcrqo,course
300,ffczrnz,other
301,ffqtge,other
302,ffrkhfcp,other
303,fgnuh,other
304,fhalcyxq,other
305,fhayg,other
306,fhszf,other
307,fhwlo,other
308,fimnwyjw,other
309,fizgc,other
310,fjxpjfez,other
311,fksba,other
312,fkvuit,course
313,flectkq,other
314,flgtpxn,other
315,fmahjld,other
316,fmjcrj,other
317,fmmiki,other
318,fmqwylsg,other
319,fndgjmzm,other
320,fnqkojm,other
321,fnsurvey,other
322,fppga,other
323,fpwuad,other
324,fqealu,other
325,fqkyhcel,other
326,fqnaj,other
327,fromyknh,other
328,fsjvm,other
329,ftipfpcv,other
330,fudhjb,other
331,fugmzdml,other
332,fuvxncl,other
333,fuxozggi,other
334,fvcnksd,other
335,fvgngpl,other
336,fvuyfjv,other
337,fwzhcxrx,other
338,fxabo,other
339,fxqhlu,other
340,fygug,other
341,fzgowhq,other
342,fzuwzk,other
343,fzyjwl,other
344,gaqepyeo,other
345,gazyznk,other
346,gbmsh,other
347,gbumd,other
348,gbvqwbe,other
349,gbzlhhl,other
350,gciirlh,other
351,gdgvwifk,other
352,gdpex,other
353,gduwb,other
354,gdxmso,other
355,gedcirqa,other
356,geiruvj,other
357,gevdzsvt,other
358,gfpmjx,other
359,gfvefxbu,other
360,gfwdbf,other
361,gfyrwma,other
362,ggozukjr,other
363,ghxnl,other
364,gieoqvia,other
365,gjhhavd,other
366,gjpcxt,other
367,gjtxqp,other
368,gjuhqzdv,other
369,gkdnf,other
370,gkhact,other
371,gkqtn,other
372,gkvqoukw,other
373,gnaju,other
374,gnothl,other
375,gnrotudd,other
376,gnzbtght,other
377,gotjzb,other
378,gowqht,other
379,goxgfr,other
380,gqgtsy,other
381,grddrzm,other
382,gtbdebp,other
383,gtchjnzw,other
384,gtdarzt,other
385,gtdctoah,other
386,gtgxgzcn,other
387,gtjdqq,other
388,gtwhcjns,other
389,gtxqws,other
390,gurvox,other
391,gwnono,other
392,gwojb,other
393,gwtwpgzd,other
394,gwytgt,other
395,gxabdahe,other
396,gxdcpwo,other
397,gxqadkgw,other
398,gyldrugw,other
399,gyutr,other
400,gzcicjd,other
401,gzomtedw,other
402,gzzdke,other
403,hafjoyi,other
404,haifof,other
405,hbobpex,other
406,hbregcw,other
407,hchoacu,other
408,hcxyp,course
409,hczmwigz,other
410,heaeeg,other
411,heatdq,other
412,heiozqq,other
413,hezwgs,other
414,hfdchvs,other
415,hfpivpuu,other
416,hgjwxb,other
417,hgmehmo,other
418,hhabfel,other
419,hhdjgk,other
420,hhdrss,other
421,hhsnp,other
422,higwe,other
423,hkdkgy,other
424,hlsypm,other
425,hltxkki,other
426,hmavwgj,other
427,hmdjklt,other
428,hmidet,other
429,hmrwjp,other
430,hngmr,other
431,hnweal,other
432,hoqua,other
433,hovra,other
434,hpsaouip,other
435,hpweca,other
436,hpzoxitc,other
437,hqrwpbt,other
438,hquvdf,other
439,hrojordm,other
440,hrshysyc,other
441,hskgpx,other
442,hszvzt,other
443,htbdkait,other
444,htqac,other
445,huovxti,other
446,hurpsrje,other
447,huumx,other
448,hvmsfmtn,other
449,hvstwh,other
450,hwxdzumg,other
451,hxkeks,other
452,hxncig,other
453,hyakvwkw,other
454,hyutx,other
455,iasqknq,other
456,iavwjn,other
457,iawcg,other
458,ibnqs,other
459,ibxwya,other
460,icptqhh,other
461,iczwhz,other
462,idjfvfvk,other
463,ifclx,other
464,ifhyt,other
465,ifttvly,other
466,igamsti,other
467,igfttdjo,other
468,igswa,other
469,ihrpmc,other
470,ihsbfi,other
471,iirmwgfq,other
472,iitwjneu,other
473,iivlvl,other
474,ijkhegq,other
475,ijoyru,other
476,ijsqaud,other
477,ikgbbfg,other
478,iklphm,other
479,ilktf,other
480,iloxxj,other
481,imdrjq,course
482,imltuesr,other
483,immpx,other
484,inlsldab,other
485,ioabqtxs,other
486,ioxoxekd,other
487,iplufn,other
488,iprfwqc,other
489,iqbqv,other
490,iqeigph,other
491,irhvgjs,other
492,irhvprt,other
493,irjhn,other
494,irrdkkbn,other
495,iryynwmk,other
496,isxcfiva,other
497,iszou,other
498,itlkmcny,other
499,itmbdhy,other
500,itozobft,other
501,iuxnok,other
502,iuxtwgjz,other
503,iwron,other
504,iwsxp,other
505,iwwwqw,other
506,iwywhmi,other
507,ixfhz,other
508,ixfqx,other
509,ixoubp,other
510,ixslka,other
511,iyemmjpt,other
512,iyfsi,other
513,iypszquv,other
514,iyykc,other
515,izhzil,other
516,izktf,other
517,iztxnf,other
518,jbarxv,other
519,jcalgzyq,other
520,jcmkz,other
521,jctytnm,other
522,jdjamsls,other
523,jdnph,other
524,jdnrfqx,other
525,jdscdzrq,other
526,jdwxv,other
527,jewrlbk,other
528,jfdjl,other
529,jffly,other
530,jfiubhz,other
531,jfpfze,other
532,jfqpd,other
533,jfwjlbtk,other
534,jgzrtkhc,other
535,jhptp,other
536,jieeefx,other
537,jjdohqq,other
538,jjomjmu,other
539,jjtlz,other
540,jjvpn,other
541,jklzmg,other
542,jlecz,other
543,jlkbszx,other
544,jlrqqriz,other
545,jmbmykpe,other
546,jmcmoudq,other
547,jmiqllv,other
548,jnlam,other
549,jnvplm,other
550,jptfm,other
551,jpxvffy,other
552,jqbbor,other
553,jqbuixz,other
554,jqeqv,other
555,jqfuqu,other
556,jrkacjdp,other
557,jrpbytj,other
558,jryqezxd,other
559,jspgm,other
560,jswcx,other
561,jsybmuwh,other
562,jsyjyssc,other
563,jtahlq,other
564,jtcqmpo,other
565,jubzucis,other
566,juealsvj,other
567,junlpo,other
568,juwhwbv,other
569,juwmtndc,other
570,jvhhaxpn,course
571,jvnyyk,other
572,jwawqn,other
573,jwfzxxg,other
574,jwkygjy,other
575,jxbmfg,other
576,jxiite,other
577,jxjpziw,other
578,jxpqg,other
579,jxqpwlw,other
580,jyeyszb,other
581,jyffkgyk,other
582,jymnj,course
583,jzifdoy,other
584,jzjei,other
585,jzoegbn,other
586,jzoyf,other
587,kaqaica,other
588,karbsg,other
589,kbjsadwd,other
590,kbsxru,course
591,kbwcx,other
592,kcjaz,other
593,kcldhpcj,other
594,kcogomz,other
595,kdscbeoa,other
596,kegru,other
597,kejiyfi,other
598,kesfngwd,other
599,kfbgivtc,other
600,kgaxenm,other
601,kgmxep,other
602,kgtrkmsz,other
603,khcaied,other
604,khtaydx,other
605,kiqge,other
606,kjfoazza,other
607,kjjbbt,other
608,kjnmoil,other
609,kjsyzoav,other
610,klpyg,other
611,kltqcs,other
612,klysfu,other
613,klzplzo,other
614,kmrpuzwi,other
615,knvdg,other
616,kobkw,other
617,kofrfx,other
618,kqghrpia,other
619,kqohtbk,other
620,kqqjul,other
621,krdwlm,other
622,krjly,other
623,ksbke,other
624,ksglvhbn,other
625,kskwfq,other
626,kspcm,other
627,ksuan,other
628,ktjhyivf,other
629,ktmvcnv,other
630,kubbcel,other
631,kucnbni,other
632,kuecr,other
633,kulinjxp,other
634,kuwjxt,other
635,kvals,other
636,kvtlipjh,course
637,kvxrm,other
638,kwmbjag,other
639,kxbknr,other
640,kxckdvl,other
641,kxkilvn,other
642,kxwsy,other
643,kydoocvs,course
644,kypnmal,other
645,kyughy,other
646,kzgrf,other
647,kzhkaelo,other
648,kztyatd,other
649,kzvrrq,other
650,laazymrn,other
651,lafkhdc,other
652,lalle,other
653,lawengc,course
654,lawhfzt,other
655,lbbfjhf,other
656,lbiaen,other
657,lbokfzil,other
658,lclvhfy,other
659,lcnosc,other
660,lcuod,other
661,ldwcriio,other
662,ldwnvwx,other
663,ldwvc,other
664,lexfksko,other
665,lftxjvs,other
666,lfukf,other
667,lfuutmdo,other
668,lfzwtjn,other
669,lgzaacv,other
670,lgztt,other
671,lhecwea,other
672,lhmqz,other
673,lhyku,other
674,livhw,course
675,livtdd,other
676,ljqcj,other
677,ljylnd,other
678,lkhsef,other
679,lknwvokt,other
680,lkyjhgjr,other
681,llsokyh,other
682,lmobyly,other
683,lndjiibk,other
684,lnezhnb,other
685,lnjznbyx,other
686,lnstrg,other
687,lobyn,other
688,loflw,course
689,lohsn,other
690,lomurthi,other
691,lpqqysth,other
692,lptrnbd,other
693,lpzykg,other
694,lqomt,other
695,lquduym,other
696,lsfqtx,other
697,lsmbvcgc,other
698,lswtmup,other
699,ltwcnxe,other
700,ltxmyss,other
701,lvaetsrg,other
702,lvqkyij,other
703,lwhudcyk,other
704,lwvwd,other
705,lwzgs,other
706,lxgov,other
707,lxhpien,other
708,lxmezm,other
709,lxnadu,other
710,lxqvv,other
711,lxvgk,other
712,lxzsc,other
713,lyjtcwqm,other
714,lynsj,other
715,lzooyy,other
716,lzqgc,other
717,lzqquih,other
718,lzybo,other
719,mabprrc,other
720,macgmms,other
721,macjz,other
722,maktwrg,other
723,mbfpm,other
724,mbyfebju,other
725,mcfjym,other
726,mdfbugu,other
727,mdqybvdc,other
728,meqmm,other
729,metwifo,other
730,mfdsqlg,other
731,mfkaijyg,other
732,mfowj,other
733,mfpqw,other
734,mfryd,other
735,mgapfvg,other
736,mgaymm,other
737,mgqqsxli,other
738,mgvpscd,other
739,mhxvauhj,other
740,mlylezz,other
741,mmigvvwa,other
742,mmizx,other
743,mmlrd,other
744,mmtvoq,other
745,mmuuo,other
746,mnjwv,other
747,mnrzhw,other
748,moesglp,other
749,moksh,other
750,mpejiarb,other
751,mpgisgc,other
752,mphlxz,other
753,mqfmt,other
754,mqfpyvdb,other
755,mqncr,other
756,mqxwc,other
757,mrqhsday,other
758,msvrcfr,course
759,mtsglnze,other
760,mtzuqdqc,other
761,mudeyg,other
762,muncc,other
763,muuzsqc,other
764,muxhh,other
765,mvhtl,other
766,mvjyf,other
767,mvlaq,other
768,mvxmadyv,other
769,mvzdvi,other
770,mwejx,other
771,mxcxhcl,other
772,mxrcuqy,other
773,myipwh,other
774,myzizsmt,other
775,mzajvh,other
776,mzguliw,other
777,mziqqxrl,other
778,nbvsh,other
779,ncnaj,other
780,ncnwm,other
781,nefxpthf,other
782,nfdrma,other
783,nfixgpu,other
784,nfntx,other
785,ngiwn,other
786,nhumd,other
787,niiskl,other
788,niizdbw,other
789,nimbgu,other
790,nizpnfpt,other
791,njcit,other
792,njesic,course
793,nksrwz,other
794,nkury,other
795,nkxxa,other
796,nlxxo,other
797,nlzggd,other
798,nmhpr,other
799,nnccrkk,other
800,nodjvh,other
801,nqhxy,other
802,nqnor,other
803,nrkvfmyh,other
804,nrqtkx,other
805,nsigmjh,other
806,nsixfrwy,other
807,ntrfeys,other
808,nttawca,other
809,nugwhj,other
810,nummeoic,other
811,nutlkn,other
812,nuurfy,other
813,nvmngy,other
814,nvyekh,other
815,nwjkcjbp,other
816,nwqios,other
817,nwsqesmo,other
818,nyqbs,other
819,nzoti,other
820,oaabx,other
821,oarjpfa,other
822,oatzro,other
823,obdwbbir,other
824,obkxqf,other
825,oceonvf,other
826,ocpni,other
827,odgedcwl,other
828,odngwf,other
829,oecphzmr,other
830,oehiy,other
831,ofewooh,other
832,ofkcidqa,other
833,ogkbg,other
834,ogtvbzty,other
835,ohvniioj,other
836,oikri,other
837,ojpivf,other
838,ojwsr,other
839,okiin,other
840,okjyrnjo,other
841,okpobjnf,other
842,oktyq,other
843,olbqqcm,other
844,olyhatok,other
845,omfea,other
846,omvawb,other
847,ondlxia,other
848,oneaef,other
849,onxtxl,other
850,ooipyor,other
851,oosiq,other
852,ootxjgh,other
853,oouybbn,other
854,oovhs,other
855,opklki,other
856,opxnfsb,other
857,orhfuocp,other
858,orjro,other
859,ortvnlou,other
860,oruixd,other
861,otajs,other
862,otbmgnv,other
863,oujqzhsy,other
864,oumtq,other
865,ouyuwu,other
866,ovfkp,other
867,ovtoilww,other
868,ovzunke,other
869,owlrody,other
870,owscy,other
871,owvpwso,other
872,oxaepx,other
873,oxvcgj,other
874,oyfvhply,other
875,oyknedm,other
876,oyuuo,other
877,oyvbwwkp,other
878,paorb,other
879,pbawnp,other
880,pbgmp,other
881,pbkzt,other
882,pbmbnsmg,other
883,pcfxm,other
884,pcjsleru,other
885,pcniublf,other
886,pcunh,other
887,pdkbg,other
888,pdmah,other
889,pdmpmk,other
890,pdqqm,other
891,pdwmhrga,other
892,pejbfu,other
893,pfhqfrd,other
894,pfuoqee,other
895,pfwwd,other
896,pgtdgqa,other
897,pgtrzghe,other
898,phbez,other
899,phdommor,other
900,phiccyjo,other
901,phidq,other
902,piepnnef,other
903,pieuuqju,other
904,pinguqo,other
905,pisti,other
906,pizzvke,other
907,pjnrhtd,other
908,pjnwjfgw,other
909,pjxvuupt,course
910,pkbni,other
911,pkvviu,other
912,pkxxb,other
913,plbcxaf,other
914,plcks,other
915,plddbm,other
916,plkwghja,other
917,plnsnh,other
918,plrzpl,other
919,plwcqfga,other
920,pmmpv,course
921,pmneprn,other
922,pmtwul,course
923,pnblr,other
924,pnurvmuj,other
925,pobhzrg,other
926,pohzzvig,other
927,pomrzubt,other
928,ponim,other
929,ponpbpet,other
930,pottb,other
931,povhh,other
932,ppewcgla,other
933,pqowg,other
934,prhhoulq,other
935,prlhb,course
936,psenda,other
937,psenoob,other
938,pspktcof,other
939,psrjytzy,other
940,psvlaxwd,project
941,psvry,other
942,ptfmkkg,other
943,purnf,other
944,pvyjdfvh,course
945,pwrwosjh,other
946,pxcwhekn,course
947,pxkrm,other
948,pyepcme,other
949,pyiphyg,other
950,pytglao,other
951,pyywwcr,other
952,pzaevn,other
953,pzfsl,other
954,pzidtqlv,other
955,pznqy,other
956,qajnzy,other
957,qapnjtpf,other
958,qbbtusu,other
959,qbhrsv,other
960,qbqrkpx,other
961,qcaet,other
962,qcaljay,other
963,qdhikrl,other
964,qetmh,other
965,qetpato,course
966,qexjy,other
967,qfphl,other
968,qfxbal,other
969,qfyyq,other
970,qfzzfcr,other
971,qgxpftrc,course
972,qgzfwk,other
973,qhaov,other
974,qhfvar,other
975,qhjnp,other
976,qiovk,other
977,qiswj,other
978,qjaaazpc,other
979,qjimegkq,other
980,qjjlm,other
981,qjpdfr,other
982,qkhtsm,other
983,qkqvjt,other
984,qmbrbf,other
985,qmosutu,other
986,qnoufgn,other
987,qnsjufb,other
988,qobxesvq,other
989,qolyb,other
990,qovhvrh,other
991,qqfdj,other
992,qqpjjl,other
993,qqvkpysh,other
994,qqxkdezo,other
995,qraso,other
996,qraxhjys,other
997,qrbuxab,other
998,qripfz,other
999,qruaqyip,other
1000,qrvoln,other
1001,qtdrqcai,other
1002,qtfpnpr,other
1003,qtishmb,other
1004,qtwwz,other
1005,quatg,course
1006,quptkflk,other
1007,quyjp,other
1008,qvgvh,other
1009,qvkigj,other
1010,qvxwlws,other
1011,qwhqbqtr,other
1012,qxdrhk,other
1013,qxltpmh,other
1014,qxuwjkk,other
1015,qxxqr,other
1016,qxyitrll,other
1017,qygqm,other
1018,qysqqr,other
1019,qzajgt,other
1020,qzmjh,other
1021,qzpupxt,other
1022,rayfcgh,other
1023,rbsvykbl,other
1024,rbylaaw,student
1025,rbzxmg,other
1026,rcdphl,other
1027,rcxfcogj,other
1028,rcyogl,other
1029,rdhezzsl,other
1030,rdnmnzrc,other
1031,rdovq,other
1032,rdqpjqlx,other
1033,redifgfj,other
1034,reraeopq,other
1035,reukyfwa,other
1036,rfdzm,other
1037,rfiabezw,other
1038,rfnxfuk,other
1039,rhrilmb,other
1040,rhsep,other
1041,riagwy,other
1042,rieafyrm,course
1043,rioljwtj,other
1044,rixsxfif,other
1045,rjbqqdw,other
1046,rjhmytnw,other
1047,rjkqlkz,other
1048,rjqcds,other
1049,rjukv,other
1050,rkatx,other
1051,rkmxdpsz,other
1052,rkokgno,other
1053,rlnave,other
1054,rlnxbkvn,other
1055,rlspsv,other
1056,rlyhuzi,other
1057,rmdyewrl,other
1058,rmwiu,other
1059,rmxyhbk,other
1060,rngiu,other
1061,rnhzudzg,other
1062,rnosomvv,other
1063,rntfgee,other
1064,roisjft,other
1065,rosxu,other
1066,rowjm,other
1067,rpidkd,other
1068,rpukwtef,other
1069,rpwonk,course
1070,rqabbch,other
1071,rqbxxl,other
1072,rqdpssq,other
1073,rqocwhxu,other
1074,rrgpppop,other
1075,rseuer,other
1076,rsfebueu,other
1077,rszjd,other
1078,rtdgpvlc,other
1079,rtdhifk,other
1080,rtdiyzd,other
1081,rteuy,other
1082,rthigud,other
1083,rujnpfdv,other
1084,rusorxq,other
1085,ruxgzeax,course
1086,rvgdymog,other
1087,rvjpodb,other
1088,rvwffq,other
1089,rwmiz,other
1090,rwrko,other
1091,rxnjvgzd,other
1092,rxzeli,other
1093,rymqfqdn,other
1094,ryqcne,other
1095,ryvjcfnj,other
1096,ryvuha,other
1097,ryxpilnj,other
1098,ryzxu,other
1099,samhkjzj,other
1100,saqelsg,other
1101,sbdvyks,other
1102,sbswsnik,other
1103,sbzkac,other
1104,sbzthj,other
1105,scbezdx,other
1106,scfijbu,other
1107,scldtmm,other
1108,scoqtrpn,other
1109,sdaedo,other
1110,sdwkztnc,other
1111,sdyiaw,other
1112,secpx,other
1113,setevnrs,other
1114,sffqp,other
1115,sfnmxx,other
1116,sgrcqh,other
1117,shabqkpo,other
1118,shgrrxm,other
1119,shlql,other
1120,shorc,other
1121,shvuuls,other
1122,sijitbd,other
1123,sikxp,other
1124,silpo,other
1125,simnaiid,other
1126,sivqknlq,other
1127,skcbez,other
1128,skjbikqn,other
1129,skzzyz,other
1130,sliutrq,other
1131,sluybuce,other
1132,smffe,other
1133,smhwljcv,other
1134,smismv,course
1135,smjotpto,other
1136,smkcife,other
1137,smqmlfgn,other
1138,smqsgj,other
1139,smtqfu,other
1140,smydraa,other
1141,sndtbf,other
1142,snkofs,other
1143,snldrfht,other
1144,snwpmu,other
1145,sokrdvej,other
1146,sorah,other
1147,sphiqtdr,other
1148,sphpwnwi,other
1149,spksfaj,other
1150,spvpn,other
1151,sqbpijj,other
1152,sqhos,other
1153,sqwjskg,other
1154,srfft,other
1155,srjxwuc,other
1156,srkhiapm,course
1157,srtmzx,other
1158,srylfnmn,other
1159,stfmt,other
1160,stfrgd,other
1161,sttad,other
1162,sulavwtn,other
1163,suqfqzt,other
1164,swccy,other
1165,swgied,other
1166,swsuue,other
1167,swyppqy,other
1168,sxdmgx,other
1169,sxfkrscz,course
1170,sxghcaoe,other
1171,sxzju,other
1172,syphpwi,other
1173,syryuiq,other
1174,syxty,other
1175,syzkp,other
1176,szclqg,other
1177,szeuxgw,other
1178,szlmwq,other
1179,szvzt,other
1180,szzsbzp,other
1181,takejb,other
1182,tbcbekmq,other
1183,tbhhyctl,other
1184,tbkoiw,other
1185,tbugr,other
1186,tbztbzu,other
1187,tciwtsu,other
1188,tclbku,other
1189,tclywy,other
1190,tcpjsr,other
1191,teyskot,other
1192,tfggglf,other
1193,tfghbb,other
1194,tgiyn,other
1195,thjpmdp,other
1196,thpiz,other
1197,thxcjaib,other
1198,tibnwoka,other
1199,tibssnu,other
1200,ticjdcr,other
1201,ticyp,other
1202,tidvz,other
1203,titkmd,other
1204,tjcyiuy,other
1205,tjvzkyq,other
1206,tjxmtdv,other
1207,tkkhe,other
1208,tkqvsduv,other
1209,tmucvdi,other
1210,tmvwxf,other
1211,tnfeezvd,other
1212,tnjlwzwb,other
1213,tnuwsmd,other
1214,tomluz,other
1215,tooal,other
1216,tpdcgxy,other
1217,tpedb,other
1218,tqelvzrz,other
1219,tqftv,other
1220,tqofkoq,other
1221,tqperqh,other
1222,tqqlff,other
1223,trwuo,other
1224,tryacy,other
1225,tsceov,other
1226,tslgebal,other
1227,tspdree,other
1228,tssjsw,other
1229,ttain,other
1230,ttjwn,other
1231,ttlztms,other
1232,ttqpaslw,other
1233,tvcksd,other
1234,tvkyfq,other
1235,tvmqpm,other
1236,twfqhbrg,other
1237,twqjlu,other
1238,twzqsn,other
1239,txetad,other
1240,txnig,other
1241,txyyqtyg,other
1242,tyflylsk,other
1243,tzabfv,other
1244,tzkasqnn,other
1245,tzloz,other
1246,tznjyo,other
1247,tzzky,other
1248,tzznkxf,other
1249,uaalnyoj,course
1250,uapyjabq,other
1251,uaupqkjg,course
1252,uazvhld,other
1253,ubpfdjg,other
1254,ucomfn,other
1255,ucqabpbo,other
1256,udfqv,other
1257,udghn,other
1258,udjcy,other
1259,ueaelqhp,other
1260,uecth,other
1261,uefdjout,other
1262,uehan,other
1263,uerqckoj,other
1264,ufsug,other
1265,uftkkja,other
1266,ugcynhdy,other
1267,ughlzdd,other
1268,ugyrbjsh,other
1269,uhakc,other
1270,uhbbh,other
1271,uhuwvfkk,other
1272,uicnn,other
1273,uihixqum,other
1274,uiidp,student
1275,ujnnvh,other
1276,ukgoagzq,other
1277,uktep,course
1278,ulfyinpd,other
1279,ulmioz,other
1280,umaqs,other
1281,umfmofv,other
1282,umhdmc,other
1283,umqzp,other
1284,unbawwp,other
1285,uncjwyyp,other
1286,uneyzw,other
1287,unmkyxtt,other
1288,unmwiet,other
1289,unokivxy,other
1290,unxkz,other
1291,uohan,other
1292,uonjb,other
1293,uoqfwcge,other
1294,uphoqmv,other
1295,upvdcil,other
1296,upzieony,other
1297,upzow,other
1298,uqrfyv,other
1299,uqvegan,course
1300,urauv,other
1301,uraxyoec,other
1302,urgmrkp,other
1303,urhjkm,other
1304,urjbt,other
1305,urmpyj,other
1306,urpxexkq,other
1307,urwojpfi,other
1308,usnst,other
1309,usodu,other
1310,utcniycx,other
1311,utste,other
1312,utthj,other
1313,utvxb,other
1314,uudvxh,other
1315,uuouaarr,other
1316,uupkms,other
1317,uuvni,other
1318,uuyzux,other
1319,uuzjjep,other
1320,uvdoelf,other
1321,uvqtpm,other
1322,uvtdgfti,other
1323,uwnkyw,other
1324,uxdouy,other
1325,uxhlojgi,other
1326,uymslh,other
1327,uypqg,other
1328,uzmbjytx,other
1329,vamvo,other
1330,vbefiwn,other
1331,vbpiud,faculty
1332,vbvejg,other
1333,vbyxl,other
1334,vceoh,other
1335,vcghxedd,other
1336,vdxpzkfl,other
1337,veacz,other
1338,vejoina,other
1339,vetejigi,other
1340,vgdjl,other
1341,vgflj,other
1342,vgghodxn,other
1343,vgkqf,other
1344,vgyes,other
1345,viduze,other
1346,vircjd,other
1347,vivfatjo,other
1348,vjaghhtu,other
1349,vjejypo,other
1350,vkpfv,other
1351,vkyun,other
1352,vlpbgmh,other
1353,vmaagp,course
1354,vmeusmjs,other
1355,vmtkvyq,other
1356,vnibwn,other
1357,voaecend,course
1358,vofqtp,other
1359,vofxu,other
1360,vougrt,other
1361,vpasle,other
1362,vpiwso,other
1363,vplyymbb,other
1364,vptlgja,other
1365,vpxuxe,other
1366,vpzsxsde,other
1367,vqcvew,other
1368,vqshies,other
1369,vrnec,other
1370,vrpbzut,other
1371,vryhvzg,other
1372,vsscij,other
1373,vsvgi,other
1374,vszfsxc,other
1375,vtcrtk,other
1376,vteob,other
1377,vtgaqhef,other
1378,vtpjku,other
1379,vucvfbo,other
1380,vukas,other
1381,vukoi,other
1382,vukvkftf,other
1383,vvnujx,other
1384,vvpwfqpw,course
1385,vvtckzz,other
1386,vvvty,other
1387,vvzcwkr,other
1388,vwdpdg,other
1389,vwpazsc,other
1390,vwuwqyt,other
1391,vxwschv,other
1392,vxydxvhn,other
1393,vydaya,other
1394,vyiacx,other
1395,vyxyw,other
1396,wagnh,other
1397,waktj,other
1398,wayudf,other
1399,wbiyyafc,other
1400,wbqkmk,other
1401,wbuul,other
1402,wbxnhayf,other
1403,wcgqxff,other
1404,wcjpbf,other
1405,wcwtzpny,other
1406,wdmhyym,other
1407,wdvxr,course
1408,wdyitfx,other
1409,werhnlmo,other
1410,weuyrc,other
1411,weyaq,other
1412,wezofmdj,other
1413,wfdvqju,other
1414,wfqwne,other
1415,whatoka,other
1416,whchrj,other
1417,whgcvmc,other
1418,winew,other
1419,wiozj,other
1420,wisos,other
1421,wjdnmh,other
1422,wjflwg,other
1423,wjikmk,other
1424,wjwnoa,other
1425,wkabbe,other
1426,wkbpmmx,other
1427,wkgyykz,other
1428,wkkwq,other
1429,wkqvj,other
1430,wlgmcu,other
1431,wlujat,other
1432,wmwvatnb,other
1433,wmzuqp,other
1434,wnkmdk,other
1435,woamr,other
1436,wognyts,other
1437,woiup,other
1438,wozlcqqe,other
1439,wozzc,other
1440,wponbx,other
1441,wpwkd,other
1442,wpzfjnwb,other
1443,wqftug,other
1444,wqnpthh,other
1445,wqrxuql,other
1446,wqydh,other
1447,wroia,other
1448,wrwgeb,other
1449,wrwst,other
1450,wsmcxjb,other
1451,wsrchup,other
1452,wtvjwt,other
1453,wuafx,other
1454,wuptba,other
1455,wupxmuix,other
1456,wuuif,other
1457,wuuosaed,other
1458,wvhluq,other
1459,wvjzvyvw,other
1460,wvmbv,other
1461,wvxmnt,other
1462,wwisnmd,other
1463,wwqvvjs,other
1464,wxbhjnn,other
1465,wxbhke,other
1466,wxlsfqdf,other
1467,wxpmg,other
1468,wxsty,other
1469,wzbokx,other
1470,wzbpymob,other
1471,wzime,other
1472,wzkfopvp,other
1473,wzmiky,other
1474,wzzsat,other
1475,xbazlov,other
1476,xbccwj,other
1477,xbczrmz,other
1478,xbodwpf,other
1479,xbywiofb,other
1480,xdwwn,other
1481,xdyech,other
1482,xefhoj,other
1483,xegyoao,other
1484,xehjwfv,other
1485,xehokcn,course
1486,xekcw,other
1487,xelszv,other
1488,xfaiss,course
1489,xfmweyy,other
1490,xfyqrgf,other
1491,xggyx,other
1492,xgtpxl,other
1493,xhekwdq,other
1494,xhfqxyg,other
1495,xhokpp,other
1496,xicjxs,course
1497,xigmw,other
1498,xisjhb,other
1499,xiwqo,other
1500,xiyialqk,other
1501,xjdbg,other
1502,xjlsnsah,other
1503,xjtobrx,other
1504,xkpxrf,other
1505,xlgkek,other
1506,xlhpgzu,other
1507,xlmkr,other
1508,xlobzd,other
1509,xmmhnp,other
1510,xmpmap,other
1511,xmrhqtqb,other
1512,xmuzdze,other
1513,xmvvel,other
1514,xnrqsl,other
1515,xnwfz,other
1516,xpajbs,other
1517,xpolx,other
1518,xquntnm,other
1519,xrceqcgi,other
1520,xtjou,other
1521,xtkmljpb,other
1522,xtlfyrqe,other
1523,xtnlnc,other
1524,xuime,other
1525,xuoppkn,other
1526,xvcldiw,other
1527,xvesdne,other
1528,xvlikyt,other
1529,xvzmwpsh,other
1530,xwdvabs,other
1531,xwgndfxh,other
1532,xxnbrcs,other
1533,xxyuea,other
1534,xyiafjk,other
1535,xyksfzpt,other
1536,xyqlp,other
1537,xyqyyd,other
1538,xyufofwi,other
1539,xzgww,other
1540,yadbhst,other
1541,yajcfiu,other
1542,yapkjnvk,other
1543,yawspc,other
1544,ybbbche,other
1545,ybcvkiqf,other
1546,ybmlhz,other
1547,ybppz,other
1548,yckusfqv,other
1549,ycvkbx,other
1550,ydbfhql,course
1551,ydkxsvar,other
1552,yfowe,other
1553,yftemp,other
1554,yfygyu,other
1555,yghie,other
1556,ygjolah,course
1557,ygqsjtxz,other
1558,ygrgy,other
1559,ygycaic,other
1560,yhcpzrfo,other
1561,yhwmjuo,other
1562,yiltpbly,other
1563,yimpq,other
1564,yiohudke,other
1565,yjdwr,other
1566,yjmvoa,other
1567,yjmwkn,other
1568,yjrtz,other
1569,yjtubjn,other
1570,yloilxu,other
1571,ylvqmlp,course
1572,ylwraohb,other
1573,ymako,other
1574,ymkwkcd,other
1575,ympfium,other
1576,ynikxrtr,other
1577,ynozhbm,other
1578,yolbla,other
1579,yoqrlnzf,other
1580,ypksxut,other
1581,ypmwe,other
1582,ypudwfvf,other
1583,ypwwzekj,other
1584,ypxfdn,other
1585,yqium,other
1586,yrjhu,other
1587,yruomuus,other
1588,ysfrk,other
1589,ythxhd,other
1590,ytpju,other
1591,ytvco,other
1592,yucra,other
1593,yujiusv,other
1594,yvdelq,other
1595,yvxpvlc,other
1596,ywosgix,other
1597,ywpbst,other
1598,ywrzvbyr,other
1599,yxmkc,other
1600,yxzgihv,other
1601,yywthxme,other
1602,yzpjgv,other
1603,yzqamu,other
1604,yzqkk,other
1605,yzvdbvgg,other
1606,zabhnt,other
1607,zcjqp,other
1608,zcprw,other
1609,zcwlvejw,other
1610,zcywupd,other
1611,zdepjjwh,other
1612,zemgq,other
1613,zfehbu,other
1614,zfmgxz,other
1615,zfmpy,other
1616,zgrtpsri,other
1617,zgrzpiay,other
1618,zgwwfvlq,other
1619,zhncldpt,other
1620,zhwcpf,other
1621,zibqmi,other
1622,zilams,other
1623,ziuunycb,project
1624,ziuzwl,other
1625,zjggyij,other
1626,zkivua,other
1627,zkrcw,other
1628,zkwhp,other
1629,zlshvea,other
1630,zlsqsds,other
1631,zlvjh,other
1632,zndgv,other
1633,znnex,other
1634,zobjoz,student
1635,zodhxn,other
1636,zonegssw,other
1637,zoukpqm,other
1638,zpeuuxw,other
1639,zqaau,other
1640,zqaipj,other
1641,zrnggdny,other
1642,zsakwfvj,project
1643,zsbkhic,other
1644,zsylru,other
1645,ztmcj,other
1646,ztoydtcl,other
1647,ztrfkwki,other
1648,zudeebif,other
1649,zupzrry,other
1650,zvrysckq,other
1651,zwcgsbo,other
1652,zxcehieq,other
1653,zxexuw,other
1654,zxmmn,other
1655,zxwkru,other
1656,zybimtt,other
1657,zypnixf,other
1658,zzszho,other
