id,label
aaclkul,student
aagelci,other
aangjmn,other
aawnpc,other
abdjgiz,student
abeith,other
acbplmv,faculty
aceolgzx,other
aeohgccl,student
afdtazl,other
ahomx,faculty
aigkvvw,student
aiiuj,course
aimch,student
aiqltd,faculty
aishkqu,other
aixqtudn,other
aizdnscx,other
ajgfhfc,other
ajjwszik,faculty
akbfdvs,student
aktnyrw,student
alfaog,course
aljsfwq,faculty
alrywqkr,project
altuxox,student
altxhm,other
amowrsh,other
ampuskyi,other
amvukjdd,other
amwcmt,student
amzuns,other
anjxcrs,faculty
anpusdof,course
apakwv,other
apcgc,faculty
apkhal,student
aplafmip,faculty
apmwy,other
apnbs,faculty
appjcc,other
aqhzllis,faculty
aqsrcsy,department
arwvjftm,student
arzeerl,student
asani,course
asjtpgrs,faculty
aslkxlcr,other
asmucefp,other
aspksukx,faculty
aspnkeit,other
audtaxh,other
augeudkf,course
augwaud,other
aunqt,other
avemi,student
awioiejc,faculty
awlal,student
axgkxmj,other
axphpch,other
aykqf,other
ayteap,faculty
azndzp,department
bbgkx,other
bcsrsbug,student
bdcydd,student
bdptkaio,other
bdwiu,other
begqls,project
beoczxhp,other
beoyl,other
beveykcq,other
bfiznf,other
bghlh,other
bgnisk,student
bgudhc,other
bgxblaq,student
bhjnxfeq,student
bhkvqidu,course
bhlwohi,other
bhptsyjz,student
bhuwf,other
bhzijblm,other
biaio,student
bilwr,other
bjjitsgt,course
bjwiuevz,other
bjzfnftw,project
blobw,course
bmmzflr,other
bnbsv,student
boarhn,other
bodmvxdf,student
bofjb,other
bondtsrh,other
bovyrx,student
bpblgwar,course
bphhvc,other
bpjzrlxy,student
bpxla,project
bqbvlmis,other
bqcuk,project
bqfbagmb,other
brhotofi,faculty
brmtqcj,other
brorn,other
browzov,course
brwup,student
brzpgboe,other
bsjgc,other
bsjsuzw,other
bslps,other
btpdso,faculty
btrlegkg,other
bttjq,other
bulvw,student
bumcmpt,student
bvabh,other
bvkkhgyo,student
bvnniatg,other
bvtwusw,project
bvvko,course
bwjjh,student
bwvavr,faculty
bxwnlyu,other
bxxlthi,student
bypmk,other
byyxifzz,student
bzavavce,other
bzbyv,other
bzthieu,department
caaelf,student
caecfi,other
caeck,student
caogdi,course
cbdxh,student
cbuuznl,other
ccbje,other
cddmp,other
cdhwa,other
cdruyo,student
cehogf,faculty
cenlf,student
cfcynn,faculty
cfsvmoen,other
cftid,other
cfwzqt,other
cgjuowc,faculty
charmfhj,faculty
chwusgl,faculty
cifmtm,faculty
cifyk,student
cioumfyi,course
ciuipt,other
ciwmb,other
cjnrzzmk,course
cjnxondy,other
ckemt,student
cketrvj,other
ckhzgl,project
clcydbp,student
clkaoj,course
clpyjrid,other
clsxoodd,faculty
cnhjk,other
cnlce,faculty
coomnevj,student
cotsv,other
cqksepwt,other
cqqqjx,staff
cqtek,course
cqyvoud,other
cqzxj,other
crbexe,other
crusceee,other
ctfljg,faculty
ctshqqfo,other
cvxtmt,project
cwlxvwh,course
cxdpjw,student
cxjmjdh,faculty
cxvkh,faculty
czkze,faculty
czvftspe,other
czwglks,other
dbtooseb,other
dcbnebw,faculty
dcidctu,other
dclyjjg,other
ddgreszb,student
ddlpfjed,student
ddsnlb,faculty
ddurpci,faculty
ddwoml,other
debuzvc,other
deopslyp,student
deqwxxpt,other
devpg,course
dfuhpn,other
dfvnobj,student
dfzdiiy,faculty
dgppgjr,other
dhrezf,student
dhtdvz,other
digdken,other
djqfg,faculty
djrcms,other
dkgpnac,other
dkzacj,student
dmdjwh,other
dmiti,faculty
dmxjlh,faculty
doihof,other
dqhfisnj,course
dqxgzzq,student
dsnfmpl,department
dsvfsknw,other
duevfegy,other
duewkd,course
duhyq,project
dupih,other
dupnrc,other
duztbzxs,other
dvtry,faculty
dwsrmkmd,course
dxratuv,department
dxwljzj,project
dykbpos,other
dyruktbc,other
dyzbzmd,student
eanugl,other
eapzf,other
ecpfwumt,course
eechlt,other
eenhsx,other
eeqnxdb,other
eezqfeb,faculty
efkum,other
egjrrq,student
egqhoaq,faculty
eicecdq,faculty
eicifodp,course
eihif,other
eisomf,other
ejdmt,other
ejygdjl,other
ekauzlfp,student
eksgz,other
ekwtr,other
elbnnrs,other
elgcpgx,other
elsgfepj,other
emjhblgl,other
empwxl,other
emtufqje,course
enikcsv,other
eoohbumy,course
epftt,other
eplubxxs,other
eporowdg,other
epuimb,student
epxzvm,faculty
erxspdd,other
eshbrq,other
esjxb,faculty
espxbh,other
estbkk,course
esxrrht,student
etibjjjs,student
eudatvy,other
evegw,faculty
evwphope,other
ewlew,other
ewnonvxy,other
ewsktq,other
ewwcso,faculty
exatc,student
excvdwzh,course
exiitk,other
eyaswbjz,student
eygbw,faculty
eyjdhqq,other
eysee,other
eytliaib,student
eyvafkd,student
eyxtv,faculty
ezpaic,other
fajpkgj,student
faprw,other
faqoft,other
fbcvban,student
fbzij,other
fcpcxixw,department
fcwjgf,other
fczhavit,course
fdxcbwrj,other
feavav,other
feeuawp,course
fekdcta,project
ffcrqo,course
ffczrnz,student
ffqtge,other
ffrkhfcp,other
fgnuh,department
fhalcyxq,other
fhayg,faculty
fhszf,other
fhwlo,student
fimnwyjw,student
fizgc,other
fjxpjfez,student
fksba,other
fkvuit,course
flectkq,other
flgtpxn,faculty
fmahjld,other
fmjcrj,other
fmmiki,other
fmqwylsg,student
fndgjmzm,other
fnqkojm,course
fnsurvey,course
fppga,other
fpwuad,other
fqealu,other
fqkyhcel,other
fqnaj,student
fromyknh,other
fsjvm,other
ftipfpcv,other
fudhjb,other
fugmzdml,other
fuvxncl,other
fuxozggi,other
fvcnksd,other
fvgngpl,student
fvuyfjv,faculty
fwzhcxrx,other
fxabo,other
fxqhlu,course
fygug,other
fzgowhq,other
fzuwzk,student
fzyjwl,student
gaqepyeo,student
gazyznk,faculty
gbmsh,student
gbumd,student
gbvqwbe,student
gbzlhhl,course
gciirlh,other
gdgvwifk,other
gdpex,faculty
gduwb,student
gdxmso,student
gedcirqa,other
geiruvj,faculty
gevdzsvt,other
gfpmjx,faculty
gfvefxbu,course
gfwdbf,other
gfyrwma,department
ggozukjr,other
ghxnl,student
gieoqvia,course
gjhhavd,other
gjpcxt,other
gjtxqp,other
gjuhqzdv,other
gkdnf,other
gkhact,student
gkqtn,course
gkvqoukw,other
gnaju,other
gnothl,other
gnrotudd,other
gnzbtght,other
gotjzb,other
gowqht,course
goxgfr,student
gqgtsy,other
grddrzm,other
gtbdebp,course
gtchjnzw,faculty
gtdarzt,other
gtdctoah,other
gtgxgzcn,student
gtjdqq,student
gtwhcjns,other
gtxqws,other
gurvox,project
gwnono,faculty
gwojb,faculty
gwtwpgzd,course
gwytgt,department
gxabdahe,department
gxdcpwo,faculty
gxqadkgw,other
gyldrugw,faculty
gyutr,other
gzcicjd,faculty
gzomtedw,other
gzzdke,other
hafjoyi,other
haifof,student
hbobpex,faculty
hbregcw,student
hchoacu,faculty
hcxyp,course
hczmwigz,other
heaeeg,faculty
heatdq,student
heiozqq,other
hezwgs,other
hfdchvs,other
hfpivpuu,student
hgjwxb,student
hgmehmo,other
hhabfel,faculty
hhdjgk,faculty
hhdrss,other
hhsnp,other
higwe,other
hkdkgy,other
hlsypm,other
hltxkki,other
hmavwgj,student
hmdjklt,other
hmidet,student
hmrwjp,other
hngmr,other
hnweal,other
hoqua,other
hovra,student
hpsaouip,other
hpweca,other
hpzoxitc,project
hqrwpbt,other
hquvdf,faculty
hrojordm,other
hrshysyc,faculty
hskgpx,student
hszvzt,other
htbdkait,other
htqac,student
huovxti,other
hurpsrje,other
huumx,faculty
hvmsfmtn,faculty
hvstwh,other
hwxdzumg,course
hxkeks,other
hxncig,faculty
hyakvwkw,other
hyutx,student
iasqknq,student
iavwjn,student
iawcg,other
ibnqs,other
ibxwya,student
icptqhh,other
iczwhz,student
idjfvfvk,course
ifclx,faculty
ifhyt,student
ifttvly,faculty
igamsti,course
igfttdjo,project
igswa,course
ihrpmc,course
ihsbfi,project
iirmwgfq,project
iitwjneu,faculty
iivlvl,student
ijkhegq,faculty
ijoyru,other
ijsqaud,other
ikgbbfg,other
iklphm,student
ilktf,student
iloxxj,course
imdrjq,course
imltuesr,other
immpx,other
inlsldab,other
ioabqtxs,other
ioxoxekd,other
iplufn,other
iprfwqc,faculty
iqbqv,other
iqeigph,other
irhvgjs,other
irhvprt,student
irjhn,other
irrdkkbn,other
iryynwmk,other
isxcfiva,student
iszou,student
itlkmcny,other
itmbdhy,student
itozobft,other
iuxnok,other
iuxtwgjz,student
iwron,faculty
iwsxp,other
iwwwqw,faculty
iwywhmi,faculty
ixfhz,other
ixfqx,project
ixoubp,other
ixslka,other
iyemmjpt,faculty
iyfsi,other
iypszquv,other
iyykc,course
izhzil,faculty
izktf,other
iztxnf,other
jbarxv,faculty
jcalgzyq,faculty
jcmkz,other
jctytnm,faculty
jdjamsls,student
jdnph,staff
jdnrfqx,faculty
jdscdzrq,other
jdwxv,other
jewrlbk,other
jfdjl,student
jffly,student
jfiubhz,faculty
jfpfze,faculty
jfqpd,student
jfwjlbtk,other
jgzrtkhc,other
jhptp,project
jieeefx,faculty
jjdohqq,course
jjomjmu,other
jjtlz,other
jjvpn,faculty
jklzmg,other
jlecz,project
jlkbszx,department
jlrqqriz,other
jmbmykpe,other
jmcmoudq,student
jmiqllv,other
jnlam,student
jnvplm,student
jptfm,other
jpxvffy,other
jqbbor,faculty
jqbuixz,student
jqeqv,other
jqfuqu,other
jrkacjdp,other
jrpbytj,project
jryqezxd,student
jspgm,other
jswcx,course
jsybmuwh,student
jsyjyssc,course
jtahlq,other
jtcqmpo,project
jubzucis,other
juealsvj,other
junlpo,student
juwhwbv,project
juwmtndc,other
jvhhaxpn,course
jvnyyk,other
jwawqn,student
jwfzxxg,other
jwkygjy,student
jxbmfg,other
jxiite,other
jxjpziw,other
jxpqg,student
jxqpwlw,faculty
jyeyszb,faculty
jyffkgyk,other
jymnj,course
jzifdoy,student
jzjei,other
jzoegbn,student
jzoyf,department
kaqaica,student
karbsg,student
kbjsadwd,other
kbsxru,course
kbwcx,other
kcjaz,other
kcldhpcj,other
kcogomz,other
kdscbeoa,student
kegru,faculty
kejiyfi,other
kesfngwd,faculty
kfbgivtc,other
kgaxenm,student
kgmxep,other
kgtrkmsz,faculty
khcaied,project
khtaydx,faculty
kiqge,faculty
kjfoazza,student
kjjbbt,other
kjnmoil,other
kjsyzoav,faculty
klpyg,other
kltqcs,course
klysfu,other
klzplzo,course
kmrpuzwi,other
knvdg,other
kobkw,student
kofrfx,other
kqghrpia,other
kqohtbk,other
kqqjul,other
krdwlm,project
krjly,other
ksbke,course
ksglvhbn,faculty
kskwfq,course
kspcm,course
ksuan,other
ktjhyivf,project
ktmvcnv,student
kubbcel,faculty
kucnbni,faculty
kuecr,other
kulinjxp,other
kuwjxt,other
kvals,other
kvtlipjh,course
kvxrm,course
kwmbjag,other
kxbknr,faculty
kxckdvl,other
kxkilvn,department
kxwsy,student
kydoocvs,course
kypnmal,other
kyughy,other
kzgrf,other
kzhkaelo,student
kztyatd,other
kzvrrq,other
laazymrn,student
lafkhdc,course
lalle,project
lawengc,course
lawhfzt,student
lbbfjhf,student
lbiaen,project
lbokfzil,other
lclvhfy,other
lcnosc,student
lcuod,other
ldwcriio,other
ldwnvwx,other
ldwvc,other
lexfksko,student
lftxjvs,other
lfukf,other
lfuutmdo,student
lfzwtjn,department
lgzaacv,other
lgztt,faculty
lhecwea,other
lhmqz,course
lhyku,other
livhw,course
livtdd,other
ljqcj,other
ljylnd,course
lkhsef,faculty
lknwvokt,student
lkyjhgjr,other
llsokyh,student
lmobyly,department
lndjiibk,faculty
lnezhnb,department
lnjznbyx,other
lnstrg,other
lobyn,course
loflw,course
lohsn,course
lomurthi,other
lpqqysth,faculty
lptrnbd,student
lpzykg,other
lqomt,faculty
lquduym,other
lsfqtx,project
lsmbvcgc,other
lswtmup,faculty
ltwcnxe,other
ltxmyss,other
lvaetsrg,other
lvqkyij,other
lwhudcyk,faculty
lwvwd,other
lwzgs,other
lxgov,student
lxhpien,course
lxmezm,student
lxnadu,other
lxqvv,student
lxvgk,course
lxzsc,other
lyjtcwqm,other
lynsj,faculty
lzooyy,faculty
lzqgc,faculty
lzqquih,project
lzybo,other
mabprrc,faculty
macgmms,other
macjz,student
maktwrg,course
mbfpm,other
mbyfebju,faculty
mcfjym,project
mdfbugu,student
mdqybvdc,other
meqmm,other
metwifo,other
mfdsqlg,student
mfkaijyg,other
mfowj,other
mfpqw,student
mfryd,student
mgapfvg,other
mgaymm,other
mgqqsxli,course
mgvpscd,other
mhxvauhj,student
mlylezz,other
mmigvvwa,student
mmizx,project
mmlrd,faculty
mmtvoq,student
mmuuo,other
mnjwv,course
mnrzhw,other
moesglp,project
moksh,other
mpejiarb,faculty
mpgisgc,course
mphlxz,other
mqfmt,course
mqfpyvdb,other
mqncr,faculty
mqxwc,other
mrqhsday,other
msvrcfr,course
mtsglnze,student
mtzuqdqc,student
mudeyg,other
muncc,student
muuzsqc,other
muxhh,faculty
mvhtl,department
mvjyf,other
mvlaq,student
mvxmadyv,other
mvzdvi,other
mwejx,other
mxcxhcl,other
mxrcuqy,other
myipwh,other
myzizsmt,other
mzajvh,other
mzguliw,faculty
mziqqxrl,other
nbvsh,student
ncnaj,student
ncnwm,other
nefxpthf,student
nfdrma,course
nfixgpu,faculty
nfntx,other
ngiwn,course
nhumd,other
niiskl,other
niizdbw,student
nimbgu,other
nizpnfpt,other
njcit,student
njesic,course
nksrwz,course
nkury,course
nkxxa,student
nlxxo,student
nlzggd,other
nmhpr,student
nnccrkk,student
nodjvh,faculty
nqhxy,other
nqnor,other
nrkvfmyh,course
nrqtkx,student
nsigmjh,other
nsixfrwy,student
ntrfeys,other
nttawca,faculty
nugwhj,other
nummeoic,student
nutlkn,student
nuurfy,student
nvmngy,other
nvyekh,department
nwjkcjbp,other
nwqios,student
nwsqesmo,other
nyqbs,other
nzoti,faculty
oaabx,other
oarjpfa,other
oatzro,department
obdwbbir,faculty
obkxqf,faculty
oceonvf,other
ocpni,course
odgedcwl,department
odngwf,other
oecphzmr,course
oehiy,faculty
ofewooh,other
ofkcidqa,student
ogkbg,other
ogtvbzty,other
ohvniioj,student
oikri,other
ojpivf,department
ojwsr,faculty
okiin,student
okjyrnjo,faculty
okpobjnf,staff
oktyq,department
olbqqcm,project
olyhatok,student
omfea,course
omvawb,other
ondlxia,department
oneaef,faculty
onxtxl,other
ooipyor,student
oosiq,student
ootxjgh,other
oouybbn,student
oovhs,student
opklki,other
opxnfsb,faculty
orhfuocp,other
orjro,other
ortvnlou,other
oruixd,other
otajs,other
otbmgnv,other
oujqzhsy,other
oumtq,other
ouyuwu,course
ovfkp,student
ovtoilww,other
ovzunke,other
owlrody,student
owscy,project
owvpwso,other
oxaepx,other
oxvcgj,other
oyfvhply,department
oyknedm,department
oyuuo,other
oyvbwwkp,faculty
paorb,student
pbawnp,other
pbgmp,student
pbkzt,other
pbmbnsmg,other
pcfxm,other
pcjsleru,project
pcniublf,faculty
pcunh,other
pdkbg,other
pdmah,faculty
pdmpmk,other
pdqqm,other
pdwmhrga,course
pejbfu,other
pfhqfrd,course
pfuoqee,faculty
pfwwd,faculty
pgtdgqa,project
pgtrzghe,faculty
phbez,course
phdommor,faculty
phiccyjo,other
phidq,course
piepnnef,other
pieuuqju,faculty
pinguqo,faculty
pisti,student
pizzvke,other
pjnrhtd,department
pjnwjfgw,student
pjxvuupt,course
pkbni,student
pkvviu,other
pkxxb,student
plbcxaf,other
plcks,faculty
plddbm,other
plkwghja,other
plnsnh,other
plrzpl,faculty
plwcqfga,other
pmmpv,course
pmneprn,other
pmtwul,course
pnblr,student
pnurvmuj,other
pobhzrg,faculty
pohzzvig,other
pomrzubt,department
ponim,other
ponpbpet,faculty
pottb,course
povhh,student
ppewcgla,student
pqowg,other
prhhoulq,student
prlhb,course
psenda,other
psenoob,other
pspktcof,student
psrjytzy,other
psvlaxwd,project
psvry,other
ptfmkkg,other
purnf,department
pvyjdfvh,course
pwrwosjh,course
pxcwhekn,course
pxkrm,other
pyepcme,other
pyiphyg,student
pytglao,other
pyywwcr,course
pzaevn,student
pzfsl,project
pzidtqlv,other
pznqy,other
qajnzy,other
qapnjtpf,other
qbbtusu,other
qbhrsv,faculty
qbqrkpx,other
qcaet,other
qcaljay,faculty
qdhikrl,faculty
qetmh,faculty
qetpato,course
qexjy,project
qfphl,department
qfxbal,student
qfyyq,student
qfzzfcr,course
qgxpftrc,course
qgzfwk,other
qhaov,other
qhfvar,student
qhjnp,course
qiovk,other
qiswj,other
qjaaazpc,other
qjimegkq,student
qjjlm,other
qjpdfr,other
qkhtsm,other
qkqvjt,faculty
qmbrbf,other
qmosutu,other
qnoufgn,student
qnsjufb,other
qobxesvq,other
qolyb,course
qovhvrh,other
qqfdj,faculty
qqpjjl,other
qqvkpysh,other
qqxkdezo,student
qraso,student
qraxhjys,faculty
qrbuxab,student
qripfz,student
qruaqyip,faculty
qrvoln,other
qtdrqcai,other
qtfpnpr,student
qtishmb,faculty
qtwwz,student
quatg,course
quptkflk,other
quyjp,course
qvgvh,other
qvkigj,other
qvxwlws,other
qwhqbqtr,other
qxdrhk,student
qxltpmh,faculty
qxuwjkk,student
qxxqr,project
qxyitrll,other
qygqm,other
qysqqr,faculty
qzajgt,other
qzmjh,faculty
qzpupxt,other
rayfcgh,faculty
rbsvykbl,other
rbylaaw,student
rbzxmg,other
rcdphl,other
rcxfcogj,faculty
rcyogl,course
rdhezzsl,student
rdnmnzrc,other
rdovq,other
rdqpjqlx,project
redifgfj,student
reraeopq,other
reukyfwa,student
rfdzm,other
rfiabezw,faculty
rfnxfuk,other
rhrilmb,department
rhsep,faculty
riagwy,other
rieafyrm,course
rioljwtj,other
rixsxfif,faculty
rjbqqdw,faculty
rjhmytnw,other
rjkqlkz,course
rjqcds,faculty
rjukv,student
rkatx,student
rkmxdpsz,faculty
rkokgno,other
rlnave,other
rlnxbkvn,other
rlspsv,other
rlyhuzi,other
rmdyewrl,other
rmwiu,other
rmxyhbk,course
rngiu,other
rnhzudzg,student
rnosomvv,student
rntfgee,other
roisjft,project
rosxu,student
rowjm,project
rpidkd,faculty
rpukwtef,other
rpwonk,course
rqabbch,course
rqbxxl,course
rqdpssq,student
rqocwhxu,other
rrgpppop,faculty
rseuer,staff
rsfebueu,faculty
rszjd,other
rtdgpvlc,faculty
rtdhifk,course
rtdiyzd,other
rteuy,faculty
rthigud,student
rujnpfdv,student
rusorxq,other
ruxgzeax,course
rvgdymog,other
rvjpodb,other
rvwffq,course
rwmiz,student
rwrko,course
rxnjvgzd,student
rxzeli,course
rymqfqdn,other
ryqcne,other
ryvjcfnj,course
ryvuha,faculty
ryxpilnj,other
ryzxu,other
samhkjzj,project
saqelsg,other
sbdvyks,other
sbswsnik,other
sbzkac,other
sbzthj,other
scbezdx,other
scfijbu,other
scldtmm,project
scoqtrpn,student
sdaedo,faculty
sdwkztnc,project
sdyiaw,student
secpx,student
setevnrs,course
sffqp,other
sfnmxx,course
sgrcqh,other
shabqkpo,faculty
shgrrxm,faculty
shlql,student
shorc,other
shvuuls,student
sijitbd,faculty
sikxp,faculty
silpo,course
simnaiid,other
sivqknlq,project
skcbez,faculty
skjbikqn,student
skzzyz,course
sliutrq,other
sluybuce,course
smffe,other
smhwljcv,course
smismv,course
smjotpto,course
smkcife,faculty
smqmlfgn,student
smqsgj,other
smtqfu,other
smydraa,student
sndtbf,other
snkofs,student
snldrfht,project
snwpmu,other
sokrdvej,student
sorah,project
sphiqtdr,other
sphpwnwi,department
spksfaj,student
spvpn,faculty
sqbpijj,other
sqhos,other
sqwjskg,other
srfft,course
srjxwuc,course
srkhiapm,course
srtmzx,other
srylfnmn,other
stfmt,other
stfrgd,course
sttad,other
sulavwtn,other
suqfqzt,project
swccy,project
swgied,faculty
swsuue,faculty
swyppqy,course
sxdmgx,other
sxfkrscz,course
sxghcaoe,other
sxzju,faculty
syphpwi,other
syryuiq,course
syxty,department
syzkp,project
szclqg,other
szeuxgw,faculty
szlmwq,other
szvzt,other
szzsbzp,other
takejb,other
tbcbekmq,other
tbhhyctl,other
tbkoiw,other
tbugr,student
tbztbzu,student
tciwtsu,student
tclbku,faculty
tclywy,other
tcpjsr,other
teyskot,project
tfggglf,other
tfghbb,other
tgiyn,course
thjpmdp,other
thpiz,student
thxcjaib,other
tibnwoka,other
tibssnu,other
ticjdcr,other
ticyp,student
tidvz,other
titkmd,other
tjcyiuy,other
tjvzkyq,staff
tjxmtdv,course
tkkhe,faculty
tkqvsduv,faculty
tmucvdi,student
tmvwxf,other
tnfeezvd,other
tnjlwzwb,student
tnuwsmd,other
tomluz,other
tooal,other
tpdcgxy,other
tpedb,faculty
tqelvzrz,department
tqftv,faculty
tqofkoq,other
tqperqh,other
tqqlff,course
trwuo,faculty
tryacy,course
tsceov,student
tslgebal,faculty
tspdree,project
tssjsw,student
ttain,other
ttjwn,student
ttlztms,course
ttqpaslw,course
tvcksd,other
tvkyfq,student
tvmqpm,other
twfqhbrg,faculty
twqjlu,course
twzqsn,faculty
txetad,other
txnig,student
txyyqtyg,department
tyflylsk,student
tzabfv,other
tzkasqnn,student
tzloz,project
tznjyo,course
tzzky,other
tzznkxf,other
uaalnyoj,course
uapyjabq,student
uaupqkjg,other
uazvhld,other
ubpfdjg,other
ucomfn,other
ucqabpbo,other
udfqv,student
udghn,other
udjcy,other
ueaelqhp,other
uecth,student
uefdjout,faculty
uehan,other
uerqckoj,student
ufsug,course
uftkkja,other
ugcynhdy,other
ughlzdd,other
ugyrbjsh,other
uhakc,faculty
uhbbh,other
uhuwvfkk,other
uicnn,other
uihixqum,other
uiidp,student
ujnnvh,student
ukgoagzq,other
uktep,course
ulfyinpd,other
ulmioz,department
umaqs,other
umfmofv,student
umhdmc,staff
umqzp,faculty
unbawwp,staff
uncjwyyp,student
uneyzw,course
unmkyxtt,other
unmwiet,other
unokivxy,student
unxkz,other
uohan,course
uonjb,course
uoqfwcge,faculty
uphoqmv,other
upvdcil,student
upzieony,course
upzow,student
uqrfyv,other
uqvegan,course
urauv,other
uraxyoec,student
urgmrkp,other
urhjkm,faculty
urjbt,faculty
urmpyj,course
urpxexkq,faculty
urwojpfi,other
usnst,faculty
usodu,other
utcniycx,student
utste,other
utthj,student
utvxb,student
uudvxh,other
uuouaarr,project
uupkms,other
uuvni,other
uuyzux,course
uuzjjep,other
uvdoelf,other
uvqtpm,student
uvtdgfti,faculty
uwnkyw,department
uxdouy,course
uxhlojgi,student
uymslh,other
uypqg,student
uzmbjytx,student
vamvo,course
vbefiwn,other
vbpiud,faculty
vbvejg,other
vbyxl,project
vceoh,other
vcghxedd,student
vdxpzkfl,other
veacz,course
vejoina,other
vetejigi,student
vgdjl,other
vgflj,other
vgghodxn,department
vgkqf,student
vgyes,other
viduze,student
vircjd,faculty
vivfatjo,project
vjaghhtu,student
vjejypo,other
vkpfv,project
vkyun,student
vlpbgmh,student
vmaagp,course
vmeusmjs,other
vmtkvyq,student
vnibwn,other
voaecend,course
vofqtp,other
vofxu,faculty
vougrt,other
vpasle,other
vpiwso,other
vplyymbb,other
vptlgja,other
vpxuxe,student
vpzsxsde,other
vqcvew,other
vqshies,faculty
vrnec,student
vrpbzut,other
vryhvzg,student
vsscij,faculty
vsvgi,project
vszfsxc,other
vtcrtk,project
vteob,other
vtgaqhef,student
vtpjku,faculty
vucvfbo,project
vukas,other
vukoi,other
vukvkftf,course
vvnujx,project
vvpwfqpw,course
vvtckzz,student
vvvty,other
vvzcwkr,course
vwdpdg,faculty
vwpazsc,other
vwuwqyt,student
vxwschv,other
vxydxvhn,faculty
vydaya,student
vyiacx,other
vyxyw,other
wagnh,course
waktj,department
wayudf,department
wbiyyafc,faculty
wbqkmk,faculty
wbuul,student
wbxnhayf,other
wcgqxff,project
wcjpbf,project
wcwtzpny,other
wdmhyym,course
wdvxr,course
wdyitfx,student
werhnlmo,other
weuyrc,other
weyaq,other
wezofmdj,other
wfdvqju,other
wfqwne,student
whatoka,faculty
whchrj,student
whgcvmc,other
winew,other
wiozj,course
wisos,other
wjdnmh,other
wjflwg,other
wjikmk,student
wjwnoa,course
wkabbe,student
wkbpmmx,staff
wkgyykz,other
wkkwq,other
wkqvj,course
wlgmcu,faculty
wlujat,other
wmwvatnb,faculty
wmzuqp,other
wnkmdk,other
woamr,course
wognyts,other
woiup,other
wozlcqqe,course
wozzc,other
wponbx,other
wpwkd,course
wpzfjnwb,other
wqftug,department
wqnpthh,other
wqrxuql,other
wqydh,other
wroia,faculty
wrwgeb,other
wrwst,other
wsmcxjb,faculty
wsrchup,project
wtvjwt,student
wuafx,other
wuptba,other
wupxmuix,other
wuuif,student
wuuosaed,student
wvhluq,student
wvjzvyvw,project
wvmbv,other
wvxmnt,other
wwisnmd,project
wwqvvjs,department
wxbhjnn,other
wxbhke,other
wxlsfqdf,project
wxpmg,faculty
wxsty,student
wzbokx,faculty
wzbpymob,faculty
wzime,other
wzkfopvp,student
wzmiky,student
wzzsat,student
xbazlov,student
xbccwj,faculty
xbczrmz,other
xbodwpf,other
xbywiofb,other
xdwwn,other
xdyech,other
xefhoj,student
xegyoao,student
xehjwfv,other
xehokcn,course
xekcw,other
xelszv,other
xfaiss,course
xfmweyy,other
xfyqrgf,student
xggyx,project
xgtpxl,course
xhekwdq,other
xhfqxyg,other
xhokpp,student
xicjxs,course
xigmw,faculty
xisjhb,student
xiwqo,student
xiyialqk,other
xjdbg,other
xjlsnsah,other
xjtobrx,other
xkpxrf,student
xlgkek,project
xlhpgzu,other
xlmkr,student
xlobzd,course
xmmhnp,student
xmpmap,other
xmrhqtqb,other
xmuzdze,other
xmvvel,other
xnrqsl,faculty
xnwfz,student
xpajbs,other
xpolx,course
xquntnm,department
xrceqcgi,course
xtjou,other
xtkmljpb,other
xtlfyrqe,other
xtnlnc,course
xuime,project
xuoppkn,other
xvcldiw,other
xvesdne,student
xvlikyt,faculty
xvzmwpsh,other
xwdvabs,faculty
xwgndfxh,project
xxnbrcs,student
xxyuea,student
xyiafjk,course
xyksfzpt,other
xyqlp,other
xyqyyd,faculty
xyufofwi,other
xzgww,other
yadbhst,student
yajcfiu,faculty
yapkjnvk,other
yawspc,faculty
ybbbche,other
ybcvkiqf,other
ybmlhz,student
ybppz,faculty
yckusfqv,student
ycvkbx,department
ydbfhql,course
ydkxsvar,project
yfowe,other
yftemp,project
yfygyu,faculty
yghie,student
ygjolah,course
ygqsjtxz,student
ygrgy,course
ygycaic,student
yhcpzrfo,project
yhwmjuo,other
yiltpbly,faculty
yimpq,other
yiohudke,other
yjdwr,other
yjmvoa,other
yjmwkn,other
yjrtz,student
yjtubjn,other
yloilxu,student
ylvqmlp,course
ylwraohb,student
ymako,other
ymkwkcd,other
ympfium,other
ynikxrtr,other
ynozhbm,course
yolbla,other
yoqrlnzf,other
ypksxut,project
ypmwe,project
ypudwfvf,other
ypwwzekj,course
ypxfdn,student
yqium,faculty
yrjhu,faculty
yruomuus,other
ysfrk,student
ythxhd,faculty
ytpju,faculty
ytvco,other
yucra,other
yujiusv,faculty
yvdelq,other
yvxpvlc,student
ywosgix,course
ywpbst,other
ywrzvbyr,student
yxmkc,faculty
yxzgihv,other
yywthxme,project
yzpjgv,faculty
yzqamu,faculty
yzqkk,student
yzvdbvgg,faculty
zabhnt,other
zcjqp,student
zcprw,student
zcwlvejw,course
zcywupd,project
zdepjjwh,project
zemgq,student
zfehbu,other
zfmgxz,other
zfmpy,other
zgrtpsri,faculty
zgrzpiay,other
zgwwfvlq,other
zhncldpt,faculty
zhwcpf,project
zibqmi,other
zilams,course
ziuunycb,project
ziuzwl,project
zjggyij,other
zkivua,project
zkrcw,faculty
zkwhp,student
zlshvea,other
zlsqsds,student
zlvjh,other
zndgv,faculty
znnex,other
zobjoz,student
zodhxn,other
zonegssw,course
zoukpqm,student
zpeuuxw,student
zqaau,department
zqaipj,course
zrnggdny,other
zsakwfvj,other
zsbkhic,other
zsylru,other
ztmcj,project
ztoydtcl,student
ztrfkwki,other
zudeebif,other
zupzrry,other
zvrysckq,student
zwcgsbo,student
zxcehieq,other
zxexuw,faculty
zxmmn,other
zxwkru,other
zybimtt,other
zypnixf,project
zzszho,student
